date,H0_count_long,H0_sum_pers,H0_max_pers,H1_count_long,H1_sum_pers,H1_max_pers
1985-04-29,101,137.33983756684833,1.4142135623730951,4,0.22078471900471808,0.05267450913213123
1985-05-06,101,137.25782496469918,1.4142135623730951,6,0.2929651260574857,0.06122568022984942
1985-05-13,101,136.84821775062431,1.4142135623730951,6,0.2337458003185382,0.07283420688841868
1985-05-20,101,136.7504497825748,1.4142135623730951,7,0.37699351193768527,0.0782721912600941
1985-05-28,101,136.75054360499644,1.4142135623730951,3,0.33053570061235305,0.11650553115114715
1985-06-04,101,136.90265219578893,1.4142135623730951,4,0.2418031330469379,0.095690840663476
1985-06-11,101,137.03397368991472,1.4142135623730951,5,0.2686802096462966,0.10883100228275477
1985-06-18,101,137.26154387793457,1.4142135623730951,8,0.4323729474192637,0.09621151269799277
1985-06-25,101,137.28090812216072,1.4142135623730951,8,0.32694454012727525,0.048385810902931814
1985-07-02,96,131.3300224083593,1.4142135623730951,8,0.4246545065561447,0.09230994752578914
1985-07-10,101,134.75989949544424,1.4142135623730951,9,0.565149621352796,0.11818732551240196
1985-07-17,101,135.35997492288104,1.4142135623730951,7,0.4859801104871091,0.14696446328889312
1985-07-24,101,135.58631857800023,1.4142135623730951,11,0.5180914486067565,0.08461684653755985
1985-07-31,101,135.86156827495515,1.4142135623730951,9,0.5816273394775551,0.11467435445080842
1985-08-07,101,135.66965027120983,1.4142135623730951,7,0.22322580725413,0.04540618171186628
1985-08-14,101,130.8222321649043,1.4142135623730951,7,0.39507421319267255,0.09202573479456233
1985-08-21,101,133.49483840382288,1.4142135623730951,5,0.30549569794007314,0.08529006553131113
1985-08-28,101,135.92224619015295,1.4142135623730951,4,0.14703325391245947,0.03987102548806121
1985-09-05,101,136.02678304954438,1.4142135623730951,5,0.31798242004595334,0.08583004029103036
1985-09-12,101,135.97805316818034,1.4142135623730951,10,0.42375635294075065,0.09740436870204405
1985-09-19,101,135.76266737049,1.4142135623730951,9,0.4385595737778383,0.0693331255707681
1985-09-26,101,135.80383294190133,1.4142135623730951,8,0.334453944749598,0.07821404415463085
1985-10-04,101,135.95317380393237,1.4142135623730951,7,0.4583795588937145,0.10589146521798032
1985-10-11,101,136.16659404899198,1.4142135623730951,9,0.41964673291909405,0.08754185975719797
1985-10-18,101,136.02066376516262,1.4142135623730951,6,0.40336467807304066,0.08603643276781248
1985-10-25,101,136.48696842537197,1.4142135623730951,10,0.5478582274447779,0.10510044851410538
1985-11-01,101,136.83969411727676,1.4142135623730951,8,0.45254371102726143,0.0940013296033777
1985-11-08,101,136.663154094186,1.4142135623730951,10,0.590895125367229,0.1028621211602394
1985-11-15,101,136.61542157455986,1.4142135623730951,9,0.6062885855218836,0.0870611007335591
1985-11-22,101,136.43335953484774,1.4142135623730951,7,0.4070275144029316,0.0835459080826586
1985-12-02,101,136.4795580496258,1.4142135623730951,7,0.3870686981681575,0.07795848413809359
1985-12-09,101,136.2641443596991,1.4142135623730951,9,0.5509491091256893,0.08838129616249324
1985-12-16,101,136.39868933902878,1.4142135623730951,11,0.4287800608755872,0.06197281677293631
1985-12-23,101,136.6705499604232,1.4142135623730951,13,0.6232579598873114,0.11923767133054852
1985-12-31,101,136.54371728276016,1.4142135623730951,11,0.5832498669986612,0.10348467415892526
1986-01-08,101,135.75973600033066,1.4142135623730951,7,0.36597637769660807,0.08552883719618243
1986-01-15,101,135.64460783772475,1.4142135623730951,5,0.3369031615314757,0.13781533838143756
1986-01-22,101,135.90045590273425,1.4142135623730951,9,0.4230525244681369,0.0726768581140651
1986-01-29,101,135.7903944243661,1.4142135623730951,7,0.3259549547953182,0.07210436343810045
1986-02-05,101,135.9103599615185,1.4142135623730951,6,0.24239514636117798,0.04126276437802656
1986-02-12,101,135.8645410950255,1.4142135623730951,9,0.4760088526347479,0.10534756468678763
1986-02-20,101,135.81094652652803,1.4142135623730951,11,0.47925112173509876,0.09300242941106518
1986-02-27,101,135.79968917864772,1.4142135623730951,10,0.45760632864799167,0.11591840470661419
1986-03-06,101,136.20442605254883,1.4142135623730951,10,0.6008472996627479,0.087478577186475
1986-03-13,101,135.9671306418803,1.4142135623730951,7,0.4043685724476289,0.08316480817629257
1986-03-20,101,134.1355685783066,1.4142135623730951,5,0.3480787614755734,0.11285760278603263
1986-03-27,101,135.349376358618,1.4142135623730951,9,0.43129549328651096,0.09620185925014524
1986-04-04,101,135.22939860174878,1.4142135623730951,9,0.4107866098829951,0.0620384786326309
1986-04-11,101,135.08784727494682,1.4142135623730951,9,0.4270574563931824,0.08713542073543579
1986-04-18,101,134.95185631645035,1.4142135623730951,8,0.3253384141359663,0.06903169093311834
1986-04-25,101,134.6472772435579,1.4142135623730951,11,0.600255326503343,0.10537111799218546
1986-05-02,101,134.27680085638409,1.4142135623730951,9,0.5905450632591849,0.13246480065008948
1986-05-09,101,134.5082311024958,1.4142135623730951,8,0.45602004817032027,0.11038837845732741
1986-05-16,101,134.46373635502357,1.4142135623730951,6,0.37358131185943555,0.13337071218037444
1986-05-23,101,134.3981338259477,1.4142135623730951,6,0.3085600318106403,0.13352499580244093
1986-06-02,101,134.68920995540964,1.4142135623730951,11,0.4563563109916735,0.09175815420142142
1986-06-09,101,134.22311162696306,1.4142135623730951,6,0.39197753958331827,0.10656392414425597
1986-06-16,101,134.49107287123087,1.4142135623730951,9,0.5112457894189859,0.1400230242657976
1986-06-23,101,134.46605585681826,1.4142135623730951,12,0.6926648503158022,0.11963027506867685
1986-06-30,101,134.86984463663708,1.4142135623730951,13,0.8601913286058882,0.11767048285029058
1986-07-08,101,134.5763611356124,1.4142135623730951,7,0.4270296555958528,0.09653878078470024
1986-07-15,101,131.3325223980544,1.4142135623730951,10,0.6234244949526875,0.10870843660770402
1986-07-22,101,132.6364403432339,1.4142135623730951,7,0.4181669215996866,0.09817250382090736
1986-07-29,101,133.993916413073,1.4142135623730951,8,0.5285538134063783,0.09773645050688007
1986-08-05,101,134.64786709209542,1.4142135623730951,12,0.6956066862034038,0.12563867193086176
1986-08-12,101,134.57175448061045,1.4142135623730951,10,0.5518579995463286,0.08506608513782932
1986-08-19,100,130.74028420465868,1.4142135623730951,14,0.735951851454298,0.1009661168712297
1986-08-26,101,133.22683859468782,1.4142135623730951,11,0.6641409711748489,0.1068701036793096
1986-09-03,101,134.09520785759412,1.4142135623730951,8,0.42929936680632563,0.0764138762969746
1986-09-10,101,133.64942876887247,1.4142135623730951,11,0.5426899727707812,0.07866036364550788
1986-09-17,101,132.2267240864947,1.4142135623730951,9,0.3941887754258997,0.08901402597221342
1986-09-24,101,132.92822251627263,1.4142135623730951,7,0.3570566481235804,0.07185364042037046
1986-10-01,101,133.2231129787432,1.4142135623730951,11,0.5263420272637378,0.10038027556617579
1986-10-08,101,133.6135626815802,1.4142135623730951,11,0.49774986400328003,0.07409213257404645
1986-10-15,101,133.63591264914265,1.4142135623730951,7,0.3932328530634279,0.08497092825710206
1986-10-22,101,133.41721119197544,1.4142135623730951,5,0.3241909848077231,0.06801807963257911
1986-10-29,101,133.3921607002249,1.4142135623730951,4,0.2959233730106159,0.07463433290659571
1986-11-05,101,133.37922928898033,1.4142135623730951,7,0.4455586808740384,0.11151232227339825
1986-11-12,101,133.4286709311548,1.4142135623730951,8,0.5130429801010892,0.12757993709716464
1986-11-19,101,133.2063524304025,1.4142135623730951,6,0.29898951731642964,0.06423528763164277
1986-11-26,90,121.52360068363974,1.4142135623730951,7,0.3841968356803446,0.0846354356599972
1986-12-04,101,132.25869745819085,1.4142135623730951,10,0.5300245330842079,0.1271432113807227
1986-12-11,101,134.41064274878866,1.4142135623730951,13,0.7303749105451289,0.1384040315234243
1986-12-18,101,133.87885447356112,1.4142135623730951,11,0.6868424734072951,0.1170238800014416
1986-12-26,101,134.04623667823148,1.4142135623730951,8,0.3843954941174008,0.08284711238187414
1987-01-05,101,133.05568673294914,1.4142135623730951,5,0.37033012517654584,0.07582899364825502
1987-01-12,101,132.28157256016405,1.4142135623730951,8,0.4294408120586597,0.07038005582606277
1987-01-19,101,131.8621058657771,1.4142135623730951,9,0.5313110873391749,0.07528015660878107
1987-01-26,101,131.58716632739714,1.4142135623730951,10,0.526546685875219,0.08078214057494693
1987-02-02,101,131.40911488172432,1.4142135623730951,9,0.39451534833080526,0.08793007446350587
1987-02-09,101,131.4567486093432,1.4142135623730951,8,0.522620961539825,0.09679775511189748
1987-02-17,101,132.15678196395206,1.4142135623730951,8,0.4968044614088518,0.09406781503127304
1987-02-24,101,132.1226052177039,1.4142135623730951,7,0.364584655956264,0.08462041609189153
1987-03-03,101,131.61049683683353,1.4142135623730951,5,0.3223279781185322,0.09544777895885592
1987-03-10,101,131.66087420054836,1.4142135623730951,3,0.2517463588397635,0.07362992992096662
1987-03-17,101,132.10610522750832,1.4142135623730951,6,0.2874329113438119,0.07266272473249757
1987-03-24,101,132.46831337388815,1.4142135623730951,7,0.3857806471196483,0.07613525241494079
1987-03-31,101,132.73652776006224,1.4142135623730951,6,0.3591666035011949,0.07939584809066114
1987-04-07,101,132.82305407434438,1.4142135623730951,6,0.2536390537771327,0.06659318939347436
1987-04-14,101,129.01121321815742,1.4142135623730951,5,0.3598565430865017,0.08179995265355822
1987-04-22,101,129.94909817910337,1.4142135623730951,7,0.4364965003708575,0.10422815485896475
1987-04-29,101,130.445778371138,1.4142135623730951,6,0.35395035233088157,0.08458080428788994
1987-05-06,101,131.40496056407994,1.4142135623730951,7,0.46860371058694894,0.11464856050768302
1987-05-13,101,132.41048764951105,1.4142135623730951,11,0.586403151189228,0.07798237277436892
1987-05-20,101,132.21766966991717,1.4142135623730951,7,0.41202216597839736,0.09292480817337623
1987-05-28,101,132.09629693608778,1.4142135623730951,7,0.3485104473134719,0.09822768691142403
1987-06-04,101,132.09231919647428,1.4142135623730951,7,0.3480070825577284,0.05277129957308757
1987-06-11,101,132.18241749023193,1.4142135623730951,8,0.3308376988460089,0.05751980243429444
1987-06-18,101,129.39851872580974,1.4142135623730951,12,0.6948220597837849,0.12260664306363611
1987-06-25,101,130.89415594561393,1.4142135623730951,13,0.7797021893575045,0.15625203578733493
1987-07-02,101,132.37286756298118,1.4142135623730951,10,0.6381177002876504,0.12662851762031524
1987-07-10,101,133.26859401158708,1.4142135623730951,11,0.6090558532669137,0.1219332326882463
1987-07-17,101,133.06029090546653,1.4142135623730951,10,0.5033480585993526,0.07936020154103307
1987-07-24,101,133.26487626934335,1.4142135623730951,9,0.5341240755748777,0.097312929132648
1987-07-31,101,133.54007223655475,1.4142135623730951,10,0.648685341100129,0.10008178411360347
1987-08-07,101,132.6415561389992,1.4142135623730951,10,0.5270220221149573,0.0834474049336682
1987-08-14,101,133.20843108479835,1.4142135623730951,9,0.5066811624701166,0.09313136946059042
1987-08-21,101,133.25217920974362,1.4142135623730951,9,0.4633993972566983,0.07299237148536242
1987-08-28,101,130.23026063579474,1.4142135623730951,7,0.28876259644272295,0.07690621345361737
1987-09-04,101,132.23222631598665,1.4142135623730951,7,0.36491648192409065,0.07362926952929683
1987-09-14,101,132.18820635060501,1.4142135623730951,9,0.6544179368028209,0.11042390527541701
1987-09-21,101,132.40206917370213,1.4142135623730951,7,0.4384337271533836,0.12354389736662452
1987-09-28,101,132.12606812950747,1.4142135623730951,5,0.2576686965822791,0.08339103660524783
1987-10-05,101,131.34551406716076,1.4142135623730951,5,0.23471634574584932,0.039771718620196905
1987-10-12,101,130.87361550839327,1.4142135623730951,2,0.0837947589431901,0.028294428641001068
1987-10-19,101,122.05074648539868,1.4142135623730951,0,0.02609640176971073,0.013136375593274296
1987-10-26,101,119.56617029332203,1.4142135623730951,3,0.27574651902522207,0.10577094473696302
1987-11-02,101,119.73862558900309,1.4142135623730951,3,0.29112877066247766,0.1224780207964109
1987-11-09,101,120.3244672183193,1.4142135623730951,5,0.37629246389377646,0.11357667894420675
1987-11-16,101,120.51988262484788,1.4142135623730951,4,0.34608209968805526,0.08101641137799998
1987-11-23,101,120.71816306364393,1.4142135623730951,6,0.27445946712994007,0.06300549169293235
1987-12-01,101,120.79709091244513,1.4142135623730951,6,0.31201094683075603,0.0610705307017847
1987-12-08,101,120.87356433291001,1.4142135623730951,3,0.2263159859360362,0.07049101073881514
1987-12-15,101,121.09332933846736,1.4142135623730951,4,0.21970191600511835,0.08349633929839961
1987-12-22,101,121.24511981332978,1.4142135623730951,2,0.16102906945971907,0.08713326758558138
1987-12-30,101,121.23422354359337,1.4142135623730951,2,0.17806093071344964,0.09551470899576486
1988-01-07,101,121.43208932485332,1.4142135623730951,2,0.17638537507720065,0.09813386746839314
1988-01-14,101,123.55144720245832,1.4142135623730951,2,0.09192855633383279,0.06534217109544316
1988-01-21,101,125.54823946748017,1.4142135623730951,2,0.12559139197502445,0.04291704241000549
1988-01-28,101,127.32171944968525,1.4142135623730951,3,0.08224081385874149,0.03512065716261492
1988-02-04,101,127.2956517818587,1.4142135623730951,5,0.21825296395822225,0.07119392082886411
1988-02-11,101,127.39162856790537,1.4142135623730951,5,0.23231395116363218,0.07839262237368372
1988-02-19,101,127.40477583014933,1.4142135623730951,4,0.22814418854894125,0.05641314371857631
1988-02-26,101,128.07557267538067,1.4142135623730951,8,0.33846702467768386,0.06873189701141769
1988-03-04,101,128.66492354858917,1.4142135623730951,7,0.27142702581551637,0.05000742483458631
1988-03-11,101,128.8181938628376,1.4142135623730951,2,0.11971246614197817,0.06435896508894223
1988-03-18,101,128.95008758955197,1.4142135623730951,3,0.14808906006712086,0.07204939260511989
1988-03-25,101,129.18664916626687,1.4142135623730951,3,0.23441061196635182,0.05686406624298468
1988-04-04,101,129.08589528417627,1.4142135623730951,7,0.35109917797048085,0.07488146450314348
1988-04-11,101,130.44993276177772,1.4142135623730951,6,0.293479725819632,0.05814808720971243
1988-04-18,101,130.7425092762729,1.4142135623730951,7,0.3127964828733749,0.09459602920607413
1988-04-25,101,130.79327037278762,1.4142135623730951,7,0.4145919974178348,0.09478076340419328
1988-05-02,101,130.81627773610947,1.4142135623730951,3,0.18329682873208175,0.08590720869812585
1988-05-09,101,130.78964331411385,1.4142135623730951,5,0.22599308584559064,0.049246183123187404
1988-05-16,101,130.14381190890987,1.4142135623730951,4,0.24783315182220733,0.06925086241464995
1988-05-23,101,129.85933304638812,1.4142135623730951,4,0.20944770197059748,0.05401835951433798
1988-05-31,101,129.44399389813114,1.4142135623730951,3,0.22564210381511207,0.07480546512290309
1988-06-07,101,129.37223721745698,1.4142135623730951,5,0.2500585261804599,0.07698643729794974
1988-06-14,101,128.82013061189753,1.4142135623730951,7,0.3817403136777173,0.10984766940640556
1988-06-21,101,128.99500892377444,1.4142135623730951,10,0.5269928099146104,0.10051473684295364
1988-06-28,101,129.04715268801405,1.4142135623730951,6,0.3132296362867273,0.06265282069216638
1988-07-06,101,128.9480066273928,1.4142135623730951,6,0.1858567678821259,0.03774908029484325
1988-07-13,101,129.94444919445425,1.4142135623730951,7,0.3066376315548871,0.10310610915860674
1988-07-20,101,129.9074752179279,1.4142135623730951,8,0.43705784184274576,0.09178432366035838
1988-07-27,101,130.1477036409327,1.4142135623730951,4,0.2844957807114078,0.08732386618000088
1988-08-03,101,129.94285239573074,1.4142135623730951,6,0.2890377245579786,0.06612338365542247
1988-08-10,101,129.85810955746743,1.4142135623730951,4,0.2360837235279999,0.07363867077497632
1988-08-17,101,130.04123048759357,1.4142135623730951,6,0.21627931747184048,0.04796342967634404
1988-08-24,101,130.65857814904953,1.4142135623730951,7,0.24629009521273293,0.054841518213314844
1988-08-31,101,130.59416213176024,1.4142135623730951,8,0.41615355311001034,0.062390058984007624
1988-09-08,101,130.57161766861054,1.4142135623730951,8,0.43154168365059453,0.09563262407311224
1988-09-15,101,130.66969775703407,1.4142135623730951,9,0.45561828393594705,0.09564622837303349
1988-09-22,101,130.79853259554832,1.4142135623730951,12,0.5675158889982133,0.08763839880516389
1988-09-29,101,130.8571501151595,1.4142135623730951,12,0.5132889359593573,0.08358263007561306
1988-10-06,101,131.03096411073264,1.4142135623730951,10,0.5219636737427801,0.10083959452720626
1988-10-13,101,130.6087500684496,1.4142135623730951,10,0.4568668289899589,0.0679168061949833
1988-10-20,101,130.46726079107262,1.4142135623730951,10,0.468675234956206,0.06901206867764254
1988-10-27,101,130.94304108783595,1.4142135623730951,9,0.42653725504568707,0.09760529056787515
1988-11-03,101,131.6272394832702,1.4142135623730951,8,0.358819437964341,0.07158824381923123
1988-11-10,101,131.4677039948026,1.4142135623730951,8,0.39244468602442595,0.08639012540646829
1988-11-17,101,130.91661000427948,1.4142135623730951,8,0.3907476695422998,0.0956336058581313
1988-11-25,101,131.1648748365681,1.4142135623730951,7,0.4296180168061139,0.0909013339547331
1988-12-02,101,131.44800641704396,1.4142135623730951,8,0.34528640465725513,0.06982294261149069
1988-12-09,101,132.03711792673724,1.4142135623730951,9,0.46529314798890864,0.08662792973072508
1988-12-16,101,131.47889596692224,1.4142135623730951,11,0.5778199231799326,0.08384969727778357
1988-12-23,101,131.73956166211923,1.4142135623730951,15,0.6633374219275747,0.07407963531281148
1989-01-03,101,131.82274703425915,1.4142135623730951,12,0.649270908055067,0.0825957901850487
1989-01-10,101,131.8702276148397,1.4142135623730951,13,0.748367004789446,0.08673029155853695
1989-01-17,101,131.77710984825652,1.4142135623730951,16,0.7803031313590855,0.08936248482613962
1989-01-24,101,131.91292696141684,1.4142135623730951,15,0.9690521141392175,0.12140875686181629
1989-01-31,101,131.87720293322508,1.4142135623730951,6,0.40444225699070624,0.11948586600238054
1989-02-07,101,132.43144985626057,1.4142135623730951,9,0.5887371362586824,0.1187706610751802
1989-02-14,101,132.91898393272828,1.4142135623730951,12,0.6450280296454802,0.1469924481310605
1989-02-22,101,132.8805243978996,1.4142135623730951,11,0.6265078012253229,0.09668062836800528
1989-03-01,101,132.927179740696,1.4142135623730951,17,0.7581318068508889,0.08177511724274988
1989-03-08,101,132.5496335540542,1.4142135623730951,13,0.5747162354241044,0.08106043154860454
1989-03-15,101,133.07420594426722,1.4142135623730951,15,0.6333175296392348,0.059058563019674715
1989-03-22,101,132.00988785804742,1.4142135623730951,8,0.40332251776479167,0.08482816385926606
1989-03-30,101,132.19317657598623,1.4142135623730951,7,0.4526170513194283,0.07537408912484911
1989-04-06,101,132.5250109551555,1.4142135623730951,6,0.3307962951898712,0.06208632150386717
1989-04-13,101,132.24012639780614,1.4142135623730951,10,0.442417914793942,0.10366958293767281
1989-04-20,101,131.90516808652112,1.4142135623730951,11,0.5086000251086873,0.11905426015982745
1989-04-27,101,131.94251786740224,1.4142135623730951,7,0.4265028959551953,0.1022533905827896
1989-05-04,101,132.46179529894522,1.4142135623730951,9,0.37469957038119506,0.07378932237270464
1989-05-11,101,132.85866573910894,1.4142135623730951,8,0.4102378455490361,0.06879292430344641
1989-05-18,101,132.90682863964003,1.4142135623730951,5,0.24674746259820313,0.07961983174037157
1989-05-25,101,133.02221012210188,1.4142135623730951,7,0.4042578792632556,0.09663664245298587
1989-06-02,101,132.91214368846113,1.4142135623730951,13,0.6193055246606469,0.09270782254134069
1989-06-09,101,132.4715604921155,1.4142135623730951,9,0.4142096786784615,0.07493415573714124
1989-06-16,101,133.24979094973335,1.4142135623730951,13,0.704483170743003,0.08577093239661093
1989-06-23,101,133.14533809297043,1.4142135623730951,11,0.6514442202711159,0.09545962249836659
1989-06-30,101,132.3417624296423,1.4142135623730951,7,0.5068278726062632,0.09478890167191945
1989-07-10,101,132.40710996977668,1.4142135623730951,10,0.38731032687256417,0.0642961755350584
1989-07-17,101,133.11953749500125,1.4142135623730951,14,0.6713113448629369,0.08015746373808463
1989-07-24,101,133.15655136116519,1.4142135623730951,15,0.7166230693908753,0.08607039227425406
1989-07-31,101,132.69206411307127,1.4142135623730951,8,0.37160283162855134,0.0769298800179874
1989-08-07,101,132.33441850563122,1.4142135623730951,9,0.4670814174576623,0.07650291730470293
1989-08-14,101,132.68688941547416,1.4142135623730951,7,0.3508077812277137,0.08916090873967253
1989-08-21,101,132.7340330257127,1.4142135623730951,6,0.2801069281707069,0.06916163759930716
1989-08-28,101,132.5721247440993,1.4142135623730951,11,0.5223483324978793,0.10201524086339941
1989-09-05,101,132.82191514299262,1.4142135623730951,11,0.5451077946926508,0.08220519610213306
1989-09-12,101,132.78295677306696,1.4142135623730951,7,0.4060597333355842,0.09796112002642987
1989-09-19,101,132.6720075645567,1.4142135623730951,10,0.5559127875931398,0.09087647367705443
1989-09-26,100,128.23615766955896,1.4142135623730951,10,0.6532094978179475,0.09785102438987803
1989-10-03,101,132.96459807665406,1.4142135623730951,8,0.5202155046801407,0.081997330435577
1989-10-10,101,133.23475504799833,1.4142135623730951,10,0.5453332696263684,0.07876019088354735
1989-10-17,101,129.81380690487626,1.4142135623730951,3,0.24093465796418223,0.11318597093897598
1989-10-24,101,129.731644202485,1.4142135623730951,4,0.24427898345371668,0.07438356984583927
1989-10-31,101,129.81340992381718,1.4142135623730951,3,0.22863102623657183,0.07664675156233614
1989-11-07,101,129.8095161414852,1.4142135623730951,3,0.17567999024560144,0.06705862427430098
1989-11-14,101,129.78466967877196,1.4142135623730951,6,0.2407414837613342,0.05233000641097241
1989-11-21,101,129.9128349273509,1.4142135623730951,6,0.3989475923479041,0.08883016875962446
1989-11-29,101,130.21852704638312,1.4142135623730951,9,0.49491896369516275,0.0810061845035186
1989-12-06,101,130.34929290403537,1.4142135623730951,4,0.2425338964449505,0.05693976037781945
1989-12-13,101,130.17066477479776,1.4142135623730951,5,0.2255324490228241,0.04025291692848332
1989-12-20,101,129.77797267268082,1.4142135623730951,6,0.32866187641328914,0.06301318059448757
1989-12-28,101,129.7321942485801,1.4142135623730951,7,0.41657910993128344,0.12278504597219353
1990-01-05,101,129.41167435896386,1.4142135623730951,8,0.482767126440553,0.10061434550266801
1990-01-12,101,131.58420770670423,1.4142135623730951,11,0.5784558142837783,0.12172365049292733
1990-01-19,101,132.09858490105992,1.4142135623730951,9,0.5279293517574115,0.12920400969091372
1990-01-26,101,132.1163639992288,1.4142135623730951,10,0.6042815091939127,0.10713472872193175
1990-02-02,101,132.64712231804637,1.4142135623730951,16,0.8253500871504296,0.08605079069603305
1990-02-09,101,132.9089521874754,1.4142135623730951,16,1.015369215931739,0.13225978470327515
1990-02-16,101,132.83241301099113,1.4142135623730951,18,1.1867032861220006,0.14167780644901828
1990-02-26,101,132.37739307618867,1.4142135623730951,16,0.8388442197013155,0.08948226270135895
1990-03-05,101,132.5990440823868,1.4142135623730951,13,0.672788265455579,0.09313246655950147
1990-03-12,101,132.41515635974582,1.4142135623730951,15,0.748026662202026,0.09948663103239852
1990-03-19,101,131.96385046752596,1.4142135623730951,16,0.7524078484288215,0.09325204775844398
1990-03-26,101,131.78454728511815,1.4142135623730951,12,0.7532179014826124,0.09684937276887728
1990-04-02,101,131.8967204678754,1.4142135623730951,12,0.7224821741262741,0.10380909390062931
1990-04-09,101,132.36666466270265,1.4142135623730951,17,0.8260519510790434,0.09335036987849987
1990-04-17,101,132.66628680800147,1.4142135623730951,15,0.8212956039906409,0.09408787245664918
1990-04-24,101,132.22144063880046,1.4142135623730951,13,0.6799840240007984,0.08364886565531027
1990-05-01,101,131.80828890408017,1.4142135623730951,9,0.46052254861224196,0.08443165777384287
1990-05-08,101,131.8160704428703,1.4142135623730951,9,0.44973021982433314,0.04943074336242703
1990-05-15,101,131.61338148460723,1.4142135623730951,12,0.5673037107204915,0.08265596040487622
1990-05-22,101,131.92916561363327,1.4142135623730951,13,0.7448169701073315,0.12392091748908074
1990-05-30,101,131.36364398410666,1.4142135623730951,14,0.8116000852675005,0.10089941695687998
1990-06-06,101,131.47306624200525,1.4142135623730951,10,0.5306215783498456,0.12067122318804824
1990-06-13,101,131.48855715728405,1.4142135623730951,11,0.6300255454323165,0.11312001234447333
1990-06-20,101,131.42622088682555,1.4142135623730951,6,0.38506717938407786,0.10983720955648968
1990-06-27,101,131.55809452849277,1.4142135623730951,10,0.636026700152126,0.10438718040402639
1990-07-05,101,131.1631857922964,1.4142135623730951,11,0.6353369666240358,0.0905026193037346
1990-07-12,101,131.21002275145062,1.4142135623730951,9,0.6277782535931475,0.09815858849856718
1990-07-19,101,131.73386398818496,1.4142135623730951,16,0.8286038229705037,0.09497376719380313
1990-07-26,101,131.29051796541805,1.4142135623730951,13,0.6426915181660139,0.10958005386540415
1990-08-02,101,131.33592894068596,1.4142135623730951,12,0.6403802634606484,0.08151837377475557
1990-08-09,101,130.272182716729,1.4142135623730951,7,0.4322159445272308,0.08333252712479511
1990-08-16,101,129.59735229114608,1.4142135623730951,10,0.4790961669251008,0.06594180301993591
1990-08-23,101,129.10316274599853,1.4142135623730951,9,0.35456585728817624,0.052084015279151186
1990-08-30,101,127.81487834645428,1.4142135623730951,7,0.4592908987982237,0.0813300252341792
1990-09-07,101,127.99047342140854,1.4142135623730951,5,0.3563984231361532,0.11774477553042695
1990-09-14,101,128.23865823935097,1.4142135623730951,6,0.25214263124777614,0.05130113015127946
1990-09-21,101,128.20297592168825,1.4142135623730951,12,0.571414226376832,0.09019841715746657
1990-09-28,101,128.64580880467483,1.4142135623730951,8,0.37120078179983174,0.05979200650755079
1990-10-05,101,128.52113164481753,1.4142135623730951,7,0.29368066988997354,0.05567264022678142
1990-10-12,101,128.0196485618602,1.4142135623730951,5,0.25002073409233927,0.04155201598601521
1990-10-19,101,128.31653095206883,1.4142135623730951,9,0.5524710252181896,0.07762524415159111
1990-10-26,101,128.29723959325764,1.4142135623730951,9,0.49712242542364193,0.07858534856720911
1990-11-02,101,128.4530871686193,1.4142135623730951,7,0.43330886434435434,0.08030627414656544
1990-11-09,101,128.29678728418838,1.4142135623730951,7,0.42575954718896547,0.07454654545553974
1990-11-16,101,128.6272507997144,1.4142135623730951,5,0.3061551603338466,0.05617174292128957
1990-11-26,101,129.2093281639684,1.4142135623730951,5,0.3259278233767984,0.09431234338439243
1990-12-03,101,129.2531446608417,1.4142135623730951,5,0.35897567771912664,0.08303794586803592
1990-12-10,101,129.0087584089979,1.4142135623730951,6,0.37509212823114113,0.08184327200533881
1990-12-17,101,129.00867806578736,1.4142135623730951,5,0.26012276273782187,0.07674548234095768
1990-12-24,101,129.1675823100324,1.4142135623730951,4,0.26343945324582696,0.07758491303079373
1991-01-02,101,129.3207503075787,1.4142135623730951,9,0.33023418031470353,0.06182870778001148
1991-01-09,101,129.84016400027264,1.4142135623730951,9,0.39855374323874204,0.04958803835445025
1991-01-16,101,129.78107745950328,1.4142135623730951,4,0.24545547079025531,0.12174054431207892
1991-01-23,101,129.44420649817235,1.4142135623730951,8,0.37793262725909904,0.0787340398294556
1991-01-30,101,130.21622044714707,1.4142135623730951,11,0.5925497363460217,0.07711380339236018
1991-02-06,101,130.83763485508697,1.4142135623730951,11,0.7393265221285978,0.13224707863450558
1991-02-13,101,131.29854075880448,1.4142135623730951,12,0.6037667593189535,0.0901586320514669
1991-02-21,101,131.23301591679444,1.4142135623730951,15,0.8447136932060662,0.10707798468257512
1991-02-28,101,131.58361230613718,1.4142135623730951,12,0.7870676263117253,0.0923208999649523
1991-03-07,101,131.47422156018163,1.4142135623730951,14,0.6375023356559433,0.07568286356787213
1991-03-14,101,131.26265314809706,1.4142135623730951,7,0.39443532165955353,0.06472587226298865
1991-03-21,101,131.39768742270553,1.4142135623730951,11,0.48496326439775816,0.05960492115551386
1991-03-28,101,131.24039497054375,1.4142135623730951,12,0.6510667104388641,0.10713315371324761
1991-04-05,100,126.53975390610695,1.4142135623730951,13,0.7328726212840293,0.12016439189484163
1991-04-12,101,130.2754206125926,1.4142135623730951,9,0.5429549418138578,0.10245994305634132
1991-04-19,101,131.22386897765386,1.4142135623730951,10,0.660516219616568,0.13370801556328882
1991-04-26,101,131.00108612983382,1.4142135623730951,8,0.591022321395061,0.09698936708086947
1991-05-03,101,130.6165158340006,1.4142135623730951,10,0.6560715414063056,0.09583965647814274
1991-05-10,101,130.30006216686775,1.4142135623730951,14,0.804022582874158,0.11834185987638635
1991-05-17,101,130.36933246839425,1.4142135623730951,13,0.7300047972241513,0.09506223174298145
1991-05-24,101,130.19793068980147,1.4142135623730951,11,0.6052193587433785,0.08325552583618001
1991-06-03,101,130.6679641362943,1.4142135623730951,10,0.5215133374161779,0.0838561357430232
1991-06-10,101,130.469092373746,1.4142135623730951,12,0.6795423599631247,0.11323068542179304
1991-06-17,101,130.25733005915595,1.4142135623730951,14,0.7215869933147652,0.11212244107645786
1991-06-24,101,129.9352963095213,1.4142135623730951,8,0.40441803362567186,0.06354977938644368
1991-07-01,101,122.20811550490279,1.4142135623730951,7,0.3950788000630049,0.06105257475716064
1991-07-09,101,127.8767032373425,1.4142135623730951,10,0.6309769349604863,0.12070379599636105
1991-07-16,101,129.8816436622337,1.4142135623730951,14,0.7720844571238441,0.10333479820517355
1991-07-23,101,129.69665033220735,1.4142135623730951,9,0.6542206140026059,0.09137855095651148
1991-07-30,101,127.02205299472872,1.4142135623730951,14,0.8935574609143985,0.09422002081843739
1991-08-06,101,129.86308486749573,1.4142135623730951,15,0.756840296909344,0.08793701311388924
1991-08-13,101,130.8168029077859,1.4142135623730951,16,0.9670898492129487,0.14230725396423183
1991-08-20,101,129.72554760312028,1.4142135623730951,18,1.0795823804652058,0.10955563934435397
1991-08-27,101,129.4114156184999,1.4142135623730951,17,0.9359120968913928,0.10048534653122587
1991-09-04,101,129.85929023045296,1.4142135623730951,12,0.7421819233101374,0.09909368308707411
1991-09-11,101,129.96842893846863,1.4142135623730951,13,0.7228011968339871,0.10518513510552441
1991-09-18,101,130.69508489535662,1.4142135623730951,13,0.7260685042108095,0.10876692547875266
1991-09-25,101,129.3213356464727,1.4142135623730951,23,1.3123371957513035,0.12480320839711556
1991-10-02,101,131.08034816662786,1.4142135623730951,19,1.2595431209276071,0.14662900916268207
1991-10-09,101,130.60991122705457,1.4142135623730951,16,1.2058183010380097,0.1337751504914133
1991-10-16,101,130.10651691129888,1.4142135623730951,20,1.1137042983833956,0.10784073757866808
1991-10-23,101,130.00530504582272,1.4142135623730951,16,0.7843669441715098,0.06383445868931581
1991-10-30,101,126.07656261664451,1.4142135623730951,22,1.4321099090211207,0.18082395220125824
1991-11-06,101,128.4028531981261,1.4142135623730951,17,0.943405801186378,0.07961938426825244
1991-11-13,101,129.6333781227709,1.4142135623730951,14,1.1610011409439573,0.13085145405777432
1991-11-20,101,128.22802536018443,1.4142135623730951,14,0.8164279252258864,0.10818232161763164
1991-11-27,101,128.89404808948373,1.4142135623730951,16,0.9381034759450081,0.15269117344398386
1991-12-05,101,129.4309092227138,1.4142135623730951,16,0.784903504198998,0.08940636969687299
1991-12-12,101,129.70168406225184,1.4142135623730951,20,0.9787035710064396,0.07277210818454405
1991-12-19,101,124.05842894131432,1.4142135623730951,22,1.1086692032612588,0.09361980854820406
1991-12-27,101,126.4130886140303,1.4142135623730951,17,0.8323331315821976,0.09586957377036698
1992-01-06,101,127.91526392177627,1.4142135623730951,20,1.1076067810190915,0.12142065525917012
1992-01-13,101,128.8914351630458,1.4142135623730951,20,1.0781196421435957,0.09011350926492034
1992-01-20,101,129.28291758543648,1.4142135623730951,18,1.0901862461766265,0.09504303932503211
1992-01-27,101,123.92845135109938,1.4142135623730951,16,1.1135625559606692,0.14893377150721232
1992-02-03,101,128.06774767482705,1.4142135623730951,19,1.0382745507149047,0.10600871395875489
1992-02-10,101,128.1601858132733,1.4142135623730951,18,0.8824640603586422,0.10611752959775722
1992-02-18,71,97.38470858413666,1.4142135623730951,7,0.5034771023783251,0.11076963288349839
1992-02-25,101,127.48851518026383,1.4142135623730951,20,1.1537284597339459,0.15135340007552656
1992-03-03,101,123.48041662678882,1.4142135623730951,27,1.7308242898899695,0.13869731210681335
1992-03-10,101,125.22654306969045,1.4142135623730951,22,1.3788865494563771,0.1485393292732189
1992-03-17,101,126.80126077407033,1.4142135623730951,22,1.1070559791404895,0.09001078239374527
1992-03-24,101,127.72984888446766,1.4142135623730951,24,1.4722257445224405,0.1100283716364483
1992-03-31,101,127.7964746058259,1.4142135623730951,19,1.1043655740976719,0.11797379951189302
1992-04-07,101,128.16582090025403,1.4142135623730951,18,0.9761491420159008,0.1465987681972103
1992-04-14,101,127.9811352081611,1.4142135623730951,10,0.6322821744362003,0.07762353153543144
1992-04-22,101,128.76561231914891,1.4142135623730951,19,1.0044556356354848,0.09607122209775976
1992-04-29,101,127.9539767405007,1.4142135623730951,12,0.8282754033857791,0.09263913368792709
1992-05-06,101,127.21636262787116,1.4142135623730951,11,0.6057002605931661,0.06942943008656366
1992-05-13,101,127.97823292975085,1.4142135623730951,11,0.5411664827900623,0.074707790850288
1992-05-20,101,128.4271705962343,1.4142135623730951,15,0.6929063510131112,0.09544528244623818
1992-05-28,101,128.5230691472708,1.4142135623730951,15,0.6672223495125766,0.07534897983837618
1992-06-04,101,129.03281874860602,1.4142135623730951,21,1.0294554823866628,0.08227008538417135
1992-06-11,101,129.34033473479158,1.4142135623730951,20,1.1654797513779702,0.09307589735440103
1992-06-18,101,129.4859713749147,1.4142135623730951,24,1.2194803553980471,0.0950218893376582
1992-06-25,101,124.77802725915471,1.4142135623730951,24,1.376795851930385,0.12910085491767176
1992-07-02,101,117.17013699494622,1.4142135623730951,20,1.4045279089813392,0.13684896084305254
1992-07-10,101,123.82690129315196,1.4142135623730951,19,1.363082332613193,0.204278660555681
1992-07-17,101,127.21310589455298,1.4142135623730951,28,1.5937077784957494,0.12040189951431013
1992-07-24,101,128.47230177538043,1.4142135623730951,25,1.5730674220983312,0.09914527727029232
1992-07-31,101,129.23611921223335,1.4142135623730951,24,1.3370153253355541,0.15319903914982635
1992-08-07,101,129.1004961908785,1.4142135623730951,25,1.4154859848909818,0.14091631479865097
1992-08-14,101,129.4797637114835,1.4142135623730951,31,1.6276658448125791,0.10737876382287781
1992-08-21,101,129.46248919051197,1.4142135623730951,22,1.471631988112743,0.12047601631051896
1992-08-28,101,128.95258907116997,1.4142135623730951,24,1.489183141877877,0.1276257269527148
1992-09-04,101,128.67359549791857,1.4142135623730951,18,1.0617650078662093,0.10109815224972762
1992-09-14,101,128.1599163449713,1.4142135623730951,21,1.05732407382288,0.08795494920809621
1992-09-21,101,128.3554638315622,1.4142135623730951,20,1.1238647242408508,0.1254577455668271
1992-09-28,101,129.18923696188094,1.4142135623730951,19,0.9556323132392943,0.11230047729124637
1992-10-05,101,128.83753986077076,1.4142135623730951,21,1.1158709529938746,0.08619558604805011
1992-10-12,101,128.9189827601945,1.4142135623730951,16,0.9709504513575502,0.10931632816911807
1992-10-19,101,128.6963420443658,1.4142135623730951,20,1.1029152665667383,0.10701014904980966
1992-10-26,101,128.74357272705322,1.4142135623730951,22,1.2154317829019414,0.11485906822462955
1992-11-02,101,128.84714173932383,1.4142135623730951,23,1.16601084562541,0.08576721498029172
1992-11-09,101,128.9051692813459,1.4142135623730951,15,0.8424905589202416,0.07660808052619106
1992-11-16,101,128.9459998449317,1.4142135623730951,18,0.8767538047993045,0.09138439613052829
1992-11-23,101,129.45676235158282,1.4142135623730951,17,0.8187674339739333,0.07021342844881051
1992-12-01,101,129.5332205770777,1.4142135623730951,15,0.6594920521643186,0.07381339519350738
1992-12-08,101,130.02925340738375,1.4142135623730951,18,0.8360709373408659,0.07538717897339842
1992-12-15,101,129.91951797900094,1.4142135623730951,20,0.9883996915504598,0.07976869471406367
1992-12-22,101,129.76726057420075,1.4142135623730951,18,1.041785852557396,0.09900476834362015
1992-12-30,101,130.00891107606344,1.4142135623730951,26,1.3872057187138815,0.08369127523820552
1993-01-07,101,129.8962391853014,1.4142135623730951,20,0.9495740210781101,0.09396545610353679
1993-01-14,101,129.72894231585866,1.4142135623730951,16,0.9060435465471406,0.09282262400071772
1993-01-21,101,129.8240000071105,1.4142135623730951,19,1.0799373384419906,0.10581099417445028
1993-01-28,101,129.69406645757903,1.4142135623730951,21,1.1369035788915678,0.11151064767613494
1993-02-04,101,129.69388641028556,1.4142135623730951,26,1.3758521524773233,0.10761485992074848
1993-02-11,101,129.60944011830324,1.4142135623730951,27,1.5736952652893685,0.14306185927150517
1993-02-19,101,128.80515564552329,1.4142135623730951,27,1.3456642491949944,0.10601266018602251
1993-02-26,101,128.44040281368817,1.4142135623730951,23,1.2596997830263668,0.12371852876638734
1993-03-05,101,127.96342556684588,1.4142135623730951,20,1.0458743708423173,0.08039578055852914
1993-03-12,101,128.19279758043632,1.4142135623730951,17,1.0607852135439064,0.12245382662621362
1993-03-19,101,123.95213154999256,1.4142135623730951,24,1.4628887337637582,0.13404237057173507
1993-03-26,101,120.79000960597895,1.4142135623730951,19,1.4117268530126337,0.2371729657802022
1993-04-02,101,124.71185270960153,1.4142135623730951,19,1.3388768334008663,0.18639755625461296
1993-04-12,101,126.62702766865418,1.4142135623730951,28,1.5292998438423722,0.1077901743863181
1993-04-19,101,127.49689515882135,1.4142135623730951,26,1.571424605423506,0.12682258862558005
1993-04-26,101,127.19925037337553,1.4142135623730951,25,1.4536659161133492,0.13340448390384707
1993-05-03,101,123.37915818774353,1.4142135623730951,27,1.609360618958493,0.11536479904018693
1993-05-10,101,125.21336513137713,1.4142135623730951,25,1.6714152932949113,0.144660260121517
1993-05-17,100,110.28995508768548,1.4142135623730951,25,1.6855898630127852,0.15380946662268213
1993-05-24,101,123.49427971873729,1.4142135623730951,27,1.7649229864395666,0.19518033204012242
1993-06-01,101,125.36202878223696,1.4142135623730951,26,1.8977182493450078,0.16781670979027696
1993-06-08,101,126.30186528364476,1.4142135623730951,26,1.6863261534097078,0.1360651652313638
1993-06-15,101,127.145910512715,1.4142135623730951,28,1.6538968611317446,0.1232100954988653
1993-06-22,101,127.52917805720098,1.4142135623730951,30,1.7820676056316405,0.09834733543506124
1993-06-29,101,128.31180367124983,1.4142135623730951,36,1.9885136968979766,0.11044155003502887
1993-07-07,101,128.3051212243603,1.4142135623730951,35,1.96034462981314,0.11326880956603547
1993-07-14,101,128.7068139464328,1.4142135623730951,38,2.1028647404546903,0.1329841540562613
1993-07-21,101,129.0493834166312,1.4142135623730951,35,1.6559246706050172,0.0949024117428574
1993-07-28,101,129.29817530219833,1.4142135623730951,27,1.4600456093004108,0.09890628050052519
1993-08-04,101,129.12382580199915,1.4142135623730951,32,1.8121527745743111,0.11849583147900478
1993-08-11,101,129.24975476867468,1.4142135623730951,34,1.717600827170334,0.1011396023402602
1993-08-18,101,130.07464318991725,1.4142135623730951,39,1.9584759291863896,0.10525299182076941
1993-08-25,101,129.94427594764903,1.4142135623730951,41,2.2037496769140636,0.09950013559701021
1993-09-01,101,130.35891585152626,1.4142135623730951,36,2.0661671642838835,0.11609898293986487
1993-09-09,101,129.81522432294602,1.4142135623730951,39,2.147846198791127,0.09852762374079482
1993-09-16,101,129.73071137848186,1.4142135623730951,33,1.721184328901065,0.10511088021335113
1993-09-23,101,129.19470830860527,1.4142135623730951,31,1.8016266972832393,0.10906268032116206
1993-09-30,101,128.88477407775707,1.4142135623730951,34,1.9561325862550494,0.10087638286962619
1993-10-07,101,128.5346549795422,1.4142135623730951,36,2.0279830463314337,0.15764933078786836
1993-10-14,101,129.16085756512445,1.4142135623730951,39,2.2573285414444433,0.12381839741769052
1993-10-21,101,128.69642651142036,1.4142135623730951,35,1.9138066090469132,0.11931996077284479
1993-10-28,101,128.43776500209952,1.4142135623730951,36,2.094318787971088,0.11204209144687738
1993-11-04,101,126.83335150724004,1.4142135623730951,25,1.5070111182491994,0.09092490692429878
1993-11-11,101,126.18161792176726,1.4142135623730951,27,1.5404330044461148,0.100191289496528
1993-11-18,101,125.71025604538534,1.4142135623730951,22,1.2966837814346834,0.10125129954408374
1993-11-26,101,125.48259097462234,1.4142135623730951,23,1.3805197169643149,0.10280456128141147
1993-12-03,101,125.80416649463066,1.4142135623730951,20,1.1929376057125314,0.11655136160181945
1993-12-10,101,125.9948330653388,1.4142135623730951,21,1.1737100643210858,0.11003217201592075
1993-12-17,101,126.11223812634783,1.4142135623730951,25,1.3638032854428206,0.11814305315531182
1993-12-27,101,126.0791118021861,1.4142135623730951,27,1.5650288061168904,0.11648802207373121
1994-01-03,101,125.69207344717427,1.4142135623730951,19,1.3429747129984697,0.1286613927487399
1994-01-10,101,126.15198870269626,1.4142135623730951,17,0.9468221252579663,0.13065527122996867
1994-01-17,101,126.64837786164973,1.4142135623730951,27,1.408275845640044,0.12867163321575337
1994-01-24,101,126.5163514103586,1.4142135623730951,22,1.160964736830008,0.10528982379316143
1994-01-31,101,127.80887057011734,1.4142135623730951,23,1.2587354999975575,0.10039983948248721
1994-02-07,101,127.30444157135211,1.4142135623730951,27,1.3974428127024934,0.10621700040954352
1994-02-14,101,127.76687440660722,1.4142135623730951,29,1.438778584429829,0.08745082412270833
1994-02-22,101,128.0033349891427,1.4142135623730951,34,1.7519203972670137,0.12217695273734996
1994-03-01,101,128.13132045319324,1.4142135623730951,34,1.5972291760507653,0.07885542696932757
1994-03-08,101,128.59275474855167,1.4142135623730951,34,1.7706799160944486,0.11347472350777665
1994-03-15,101,128.54479397243387,1.4142135623730951,29,1.6741417547509392,0.12026333022920066
1994-03-22,100,117.109561706513,1.4142135623730951,28,2.056673090347783,0.1994907306306306
1994-03-29,101,124.22371040983879,1.4142135623730951,24,1.425905177105591,0.1156033034428896
1994-04-06,101,124.38647759590862,1.4142135623730951,18,1.0687477567853974,0.1299577170636521
1994-04-13,101,123.98564098252837,1.4142135623730951,21,1.2477806307868893,0.11869439030627493
1994-04-20,101,123.8853231341861,1.4142135623730951,24,1.4156717777460264,0.10384307216060884
1994-04-28,101,122.81597798934322,1.4142135623730951,21,1.0494038432242445,0.07540091417296146
1994-05-05,101,123.73520500675725,1.4142135623730951,19,0.8031524746677439,0.05879709774919051
1994-05-12,101,123.74164772043036,1.4142135623730951,15,0.78196838953955,0.07399117107385167
1994-05-19,101,124.01812498827053,1.4142135623730951,14,0.6686690586634144,0.09383974690849528
1994-05-26,101,124.13352798031833,1.4142135623730951,13,0.689745479329818,0.07307154957631146
1994-06-03,101,124.03413216550574,1.4142135623730951,18,1.0172211371643174,0.10669415163163176
1994-06-10,101,123.7130307792877,1.4142135623730951,18,0.7757644549174685,0.07359108253694102
1994-06-17,101,123.2664742981188,1.4142135623730951,12,0.683054918214098,0.061494341211460135
1994-06-24,101,123.44238712681197,1.4142135623730951,17,0.861280041713492,0.09775614643423225
1994-07-01,101,124.39081648121189,1.4142135623730951,17,0.9977208163792487,0.11755273438833669
1994-07-11,101,124.83543562498681,1.4142135623730951,15,0.7998984745111103,0.10383535062893334
1994-07-18,101,124.78180626704031,1.4142135623730951,18,0.8723573952058704,0.07010484283274732
1994-07-25,101,125.92194384511295,1.4142135623730951,18,0.9156201588405739,0.1146930644027786
1994-08-01,101,126.0437287915996,1.4142135623730951,19,1.0337924947256767,0.07250285302034931
1994-08-08,101,126.1269194280491,1.4142135623730951,19,1.0018767622424645,0.07679397407760313
1994-08-15,101,126.64556965649751,1.4142135623730951,20,1.1624597782742314,0.08668017908703485
1994-08-22,101,126.80586134378068,1.4142135623730951,27,1.195550083922642,0.088822876949886
1994-08-29,101,126.65337499395307,1.4142135623730951,21,1.2137619231266785,0.09790396767809195
1994-09-06,101,126.58441899209424,1.4142135623730951,26,1.423651122774418,0.1050786325760733
1994-09-13,101,126.55423282852706,1.4142135623730951,26,1.4905036748511926,0.10409345855646635
1994-09-20,101,127.05518258017861,1.4142135623730951,24,1.3398036848848844,0.10460392121061712
1994-09-27,101,127.36848514084924,1.4142135623730951,29,1.5805233166717194,0.10647573305404312
1994-10-04,101,126.88344259874141,1.4142135623730951,26,1.612078668431415,0.1308726089621195
1994-10-11,101,126.24007889953806,1.4142135623730951,24,1.4054527614253953,0.12542350768429866
1994-10-18,101,126.70808412684022,1.4142135623730951,23,1.2363428549173732,0.10238619932271065
1994-10-25,101,127.40349600026832,1.4142135623730951,29,1.6036876304701488,0.08245638845866288
1994-11-01,101,126.70155339472292,1.4142135623730951,22,1.107314198472013,0.09257095683796868
1994-11-08,101,126.70868939874994,1.4142135623730951,19,0.9616884982349013,0.07477408686385556
1994-11-15,101,126.39717250007499,1.4142135623730951,18,0.8635374341337265,0.09188665599186097
1994-11-22,101,125.9374623008576,1.4142135623730951,21,0.9182609732097453,0.06638086767721152
1994-11-30,101,126.3884907061625,1.4142135623730951,24,1.197480635348564,0.08330264693277067
1994-12-07,101,126.10935393895701,1.4142135623730951,21,1.0312914254535495,0.08372317240507043
1994-12-14,101,125.94869335778517,1.4142135623730951,22,0.9142722561670291,0.06139730483174266
1994-12-21,101,125.99807711476659,1.4142135623730951,20,1.1998232907178235,0.11581084502631978
1994-12-29,101,126.44322484690315,1.4142135623730951,21,1.23061029005868,0.09371345939749887
1995-01-06,101,126.99088434128325,1.4142135623730951,25,1.2105871236551353,0.0982804382504836
1995-01-13,101,126.66900570905118,1.4142135623730951,21,1.1162039036120561,0.0954843345065679
1995-01-20,101,126.47985279695092,1.4142135623730951,20,1.0028716536342361,0.08831912135321773
1995-01-27,101,127.16948067004815,1.4142135623730951,19,0.9831814812867774,0.1088650694199047
1995-02-03,101,126.76192970041492,1.4142135623730951,18,1.0076859681284855,0.11350903517868671
1995-02-10,101,126.8649911311925,1.4142135623730951,15,0.905342783087763,0.09922145552451545
1995-02-17,101,127.22759548782254,1.4142135623730951,25,1.2002822581323576,0.13755935118101692
1995-02-27,101,126.80655178727314,1.4142135623730951,18,1.0122759386025841,0.09983775776593662
1995-03-06,101,127.2106474108175,1.4142135623730951,23,1.431981602743946,0.1030883147430568
1995-03-13,101,127.3353441690574,1.4142135623730951,27,1.3670610853899803,0.10688334311743897
1995-03-20,99,112.7360807786385,1.4142135623730951,32,1.9809883974264881,0.14933951373557441
1995-03-27,101,124.10547019595171,1.4142135623730951,32,2.104058715189611,0.16930239840610883
1995-04-03,101,125.5906630308248,1.4142135623730951,34,2.0034287674298152,0.13589868564552687
1995-04-10,101,125.944896417463,1.4142135623730951,33,1.527318948384946,0.10560542158896702
1995-04-18,101,126.66676960328755,1.4142135623730951,37,1.889742577076095,0.11825064149915421
1995-04-25,101,126.94939348497671,1.4142135623730951,26,1.473931391227591,0.08624208402794209
1995-05-02,101,128.05196790036348,1.4142135623730951,26,1.6157102158439605,0.1088835327927673
1995-05-09,101,128.1764302819612,1.4142135623730951,33,1.8926818514302772,0.10824293395617746
1995-05-16,101,128.2581690627667,1.4142135623730951,23,1.484788604929459,0.11641969707949418
1995-05-23,101,128.8228015322919,1.4142135623730951,31,1.6840399319641193,0.10198922602895322
1995-05-31,101,128.05659280471758,1.4142135623730951,34,2.041659874342143,0.12962815360863011
1995-06-07,101,128.47582332197396,1.4142135623730951,34,1.9521239682651148,0.12870574616053543
1995-06-14,101,128.60481381852694,1.4142135623730951,37,1.9480535717916516,0.09716834840945054
1995-06-21,101,127.80329397501748,1.4142135623730951,30,1.8734722493559126,0.11775272448289553
1995-06-28,101,127.27116972147431,1.4142135623730951,32,1.762178788800701,0.10373279572221716
1995-07-06,101,126.51854994317688,1.4142135623730951,28,1.4658837739988833,0.10906222532869148
1995-07-13,101,125.84274183346102,1.4142135623730951,20,1.1997497414719414,0.1416032553306139
1995-07-20,101,124.65368341066021,1.4142135623730951,18,1.0330441864534823,0.1495380082144495
1995-07-27,101,123.99053512674047,1.4142135623730951,14,0.9568607344145952,0.1539787623867046
1995-08-03,101,123.5799636333657,1.4142135623730951,16,0.9390383924623982,0.12880472954989175
1995-08-10,101,123.45496808202147,1.4142135623730951,16,0.8363071275841644,0.08185812007401783
1995-08-17,101,123.50814097801718,1.4142135623730951,14,0.9276733481510441,0.11697535129587311
1995-08-24,101,123.87895480936156,1.4142135623730951,16,0.7336213942630015,0.07126833772951069
1995-08-31,101,123.6085839077698,1.4142135623730951,12,0.6345912763881119,0.07476291439787697
1995-09-08,101,123.23435566679578,1.4142135623730951,14,0.6590876720688398,0.07091721389427574
1995-09-15,101,123.52612883470906,1.4142135623730951,18,0.9070146113742082,0.07547093116271375
1995-09-22,101,123.99536052291681,1.4142135623730951,26,1.2620691082334983,0.10415706193586449
1995-09-29,101,123.81144538878434,1.4142135623730951,22,1.0970497390938092,0.09748053298343828
1995-10-06,101,123.8122600907708,1.4142135623730951,19,1.0044675345746985,0.08277233804266682
1995-10-13,101,123.85323358382725,1.4142135623730951,19,0.9428798304187669,0.09093923870889609
1995-10-20,101,123.71942378033437,1.4142135623730951,19,1.223684107813662,0.10504160236478866
1995-10-27,101,123.79289638716338,1.4142135623730951,27,1.421551755044136,0.11790450800675467
1995-11-03,101,123.50838165685498,1.4142135623730951,19,1.258632415348204,0.10365608706545193
1995-11-10,101,123.5570865296408,1.4142135623730951,21,1.3095563643260633,0.13979560083452514
1995-11-17,101,123.81563413986534,1.4142135623730951,28,1.431806908031605,0.11610837294130794
1995-11-27,101,123.62717224201407,1.4142135623730951,26,1.4245116718920299,0.104736215436253
1995-12-04,101,123.43444327037876,1.4142135623730951,23,1.2736751333806065,0.11256105358872093
1995-12-11,101,124.07142124221647,1.4142135623730951,24,1.1859543650722848,0.09327236454700172
1995-12-18,101,123.43307409785967,1.4142135623730951,15,0.8824241985145052,0.09604662946548492
1995-12-26,101,123.69957731906231,1.4142135623730951,23,1.1259785879470516,0.09524231640364156
1996-01-03,101,123.98217596715979,1.4142135623730951,25,1.339491700354199,0.10776535849976887
1996-01-10,101,124.11026104576446,1.4142135623730951,19,0.9936367454449428,0.09208833362079649
1996-01-17,101,123.95792951317988,1.4142135623730951,18,0.7776134777033408,0.08483438729777659
1996-01-24,101,124.3806765312183,1.4142135623730951,18,0.9725172797275393,0.10343686828047427
1996-01-31,101,124.61756129889986,1.4142135623730951,21,0.877380668509452,0.0631610373068976
1996-02-07,101,124.78752747058454,1.4142135623730951,21,0.9137808857036159,0.0884593625943142
1996-02-14,101,124.73882929424926,1.4142135623730951,20,0.883844849224113,0.0951862845644389
1996-02-22,101,124.70383214438927,1.4142135623730951,27,1.4247696816942614,0.10809846685516389
1996-02-29,101,124.88509960582809,1.4142135623730951,29,1.4051188211315802,0.09272478048151345
1996-03-07,101,124.56235558068032,1.4142135623730951,21,1.159868070746408,0.09591624842048363
1996-03-14,101,123.79003434065086,1.4142135623730951,25,1.3655733037786617,0.14640102092618257
1996-03-21,101,123.67691546190406,1.4142135623730951,27,1.3026715673807099,0.11787266484698211
1996-03-28,101,123.70817811834607,1.4142135623730951,28,1.619519133964127,0.1159470001578593
1996-04-04,101,124.25179488897764,1.4142135623730951,25,1.372747145553885,0.10538751057902518
1996-04-12,101,124.7865234125309,1.4142135623730951,25,1.5039971975391844,0.1274305238777107
1996-04-19,101,125.26547382924733,1.4142135623730951,28,1.3293485967732916,0.09996749436234675
1996-04-26,101,124.86044405092336,1.4142135623730951,24,1.2438180848716593,0.09257803653357244
1996-05-03,101,124.9195339281372,1.4142135623730951,19,1.0001349414846858,0.09819520500894074
1996-05-10,101,124.92707652610393,1.4142135623730951,23,1.3109337903205254,0.12964714492112872
1996-05-17,101,124.92106725698783,1.4142135623730951,20,0.9369758763602956,0.1125933979775362
1996-05-24,101,125.43837487246078,1.4142135623730951,22,1.0017007644890914,0.06869521320354721
1996-06-03,101,125.24018721724535,1.4142135623730951,28,1.3195304101314422,0.07777498054538201
1996-06-10,101,126.10085730545069,1.4142135623730951,25,1.2031554371146242,0.12165907582238744
1996-06-17,101,126.12555951289575,1.4142135623730951,23,1.1626939527175983,0.10696415121483827
1996-06-24,101,126.27497377919954,1.4142135623730951,25,1.4913576297452074,0.08527823270007495
1996-07-01,101,125.81947032670006,1.4142135623730951,39,1.6908213320209486,0.09248087984480313
1996-07-09,101,125.67379284718756,1.4142135623730951,28,1.6139754714672097,0.1007404523275548
1996-07-16,101,123.84173840312842,1.4142135623730951,23,1.0653410775247851,0.10147851053212698
1996-07-23,101,123.51386140079946,1.4142135623730951,19,1.1481592081162246,0.10604684294851174
1996-07-30,101,123.14052329930249,1.4142135623730951,18,1.0817255831881827,0.13677852132517931
1996-08-06,101,122.56471638610172,1.4142135623730951,21,1.2862050800342355,0.13418745423942813
1996-08-13,101,122.46627998541507,1.4142135623730951,24,1.4804740609120028,0.10252337014540158
1996-08-20,101,122.25877822409636,1.4142135623730951,18,1.159887204039553,0.0986162151233072
1996-08-27,101,121.8412886690977,1.4142135623730951,18,1.153781472099732,0.09879859505998656
1996-09-04,101,122.32577790319844,1.4142135623730951,25,1.3859881575524589,0.10863597402304825
1996-09-11,101,122.12222708148987,1.4142135623730951,20,1.1032929476057403,0.09332692006784837
1996-09-18,101,122.05229938562576,1.4142135623730951,18,1.161981711242699,0.12146862023384464
1996-09-25,101,122.68287979075843,1.4142135623730951,19,1.1156561881869262,0.09999605548470258
1996-10-02,101,123.2981855587854,1.4142135623730951,19,1.0875462109702618,0.11116931956089848
1996-10-09,101,124.55744307220354,1.4142135623730951,16,0.813147168476901,0.08520811601830192
1996-10-16,101,125.72988331234566,1.4142135623730951,19,0.9770928099324752,0.0776119082022646
1996-10-23,101,125.69333722791538,1.4142135623730951,29,1.603525141041011,0.11526070008995681
1996-10-30,101,125.67450821073909,1.4142135623730951,30,1.853896078710657,0.09804597200688936
1996-11-06,101,126.26669947951358,1.4142135623730951,30,1.8251711831316477,0.10247772510867326
1996-11-13,101,126.8104448860197,1.4142135623730951,35,1.962071752372186,0.11247961373554394
1996-11-20,101,126.85083774542045,1.4142135623730951,35,1.9783288401460721,0.10526303518240532
1996-11-27,101,126.33452650747537,1.4142135623730951,31,1.798917616298999,0.12753292672463235
1996-12-05,101,126.971265948818,1.4142135623730951,36,1.8281763669254028,0.08432863527175827
1996-12-12,101,127.27319010350836,1.4142135623730951,39,2.350877946902645,0.11718060154966259
1996-12-19,101,127.24184670205823,1.4142135623730951,34,1.9109512649272582,0.12518528040047694
1996-12-27,101,126.68225664711008,1.4142135623730951,29,1.7965557331141302,0.11897425124003713
1997-01-06,101,126.25199560648328,1.4142135623730951,27,1.3790500864480846,0.1301466124481765
1997-01-13,101,126.4545579546426,1.4142135623730951,34,1.6801628296177717,0.08448993175000252
1997-01-20,101,126.99442881289102,1.4142135623730951,36,2.046818090334285,0.11848029501828972
1997-01-27,101,127.6260289316962,1.4142135623730951,35,2.0491489246414885,0.09774647356267208
1997-02-03,101,127.7796498803315,1.4142135623730951,35,1.8242295642116364,0.08914142432824868
1997-02-10,101,126.87113370943511,1.4142135623730951,23,1.187023222448281,0.08680990061344085
1997-02-18,101,126.4811417812776,1.4142135623730951,25,1.4717247634096309,0.10559241948658693
1997-02-25,101,126.56229436693587,1.4142135623730951,23,1.408868188686186,0.11627464401999799
1997-03-04,101,126.33693696650093,1.4142135623730951,22,1.2607999249352289,0.10114640304914091
1997-03-11,101,126.50269194066667,1.4142135623730951,25,1.255925556650543,0.10823706036282221
1997-03-18,101,126.80681779712589,1.4142135623730951,24,1.212611075464825,0.09500771895620308
1997-03-25,101,127.26245156024113,1.4142135623730951,25,1.28563370111458,0.10008023444184189
1997-04-02,101,127.13608409574076,1.4142135623730951,24,1.3079295755142755,0.09858891751893983
1997-04-09,101,126.19999441471019,1.4142135623730951,25,1.5693515797198498,0.1361106928915603
1997-04-16,101,125.66368083356423,1.4142135623730951,18,0.9097155980455455,0.08332591131081801
1997-04-23,101,121.4264123732664,1.4142135623730951,23,1.2028430427686372,0.09499812585921141
1997-04-30,101,122.04372576677811,1.4142135623730951,20,1.1486630361663075,0.13430002353646942
1997-05-07,101,123.65552784555975,1.4142135623730951,20,0.9654293260525264,0.0947689749142373
1997-05-14,101,123.87321197442405,1.4142135623730951,20,1.073911142575957,0.08616946147873783
1997-05-21,101,115.83202412559581,1.4142135623730951,22,1.293964324014236,0.11042624596033246
1997-05-29,101,120.06893959568447,1.4142135623730951,25,1.4495429167358744,0.1528530674549381
1997-06-05,101,121.67879781231062,1.4142135623730951,20,1.1569556664721539,0.12500764712252566
1997-06-12,101,121.89262252710171,1.4142135623730951,26,1.388105492265126,0.14115737450599075
1997-06-19,101,121.90781000981974,1.4142135623730951,25,1.3828252458855266,0.11040095330773203
1997-06-26,101,122.1304021685863,1.4142135623730951,23,1.242691545341684,0.12648171970732758
1997-07-03,101,122.4303723243226,1.4142135623730951,19,1.058693257150355,0.10198495089026749
1997-07-11,101,123.63755487305532,1.4142135623730951,18,1.039825577346791,0.15127548725511653
1997-07-18,101,123.43790486204217,1.4142135623730951,21,0.9593376683150313,0.08175207017090869
1997-07-25,101,124.43816162391785,1.4142135623730951,19,1.065579603798827,0.08787524584038642
1997-08-01,101,126.00893587393136,1.4142135623730951,21,1.0496189928302089,0.0799525851903371
1997-08-08,101,125.06613820278942,1.4142135623730951,23,1.250842978194589,0.11851657583414599
1997-08-15,101,124.60290517567582,1.4142135623730951,22,1.1553575284469983,0.09735432817412071
1997-08-22,101,124.63070893780231,1.4142135623730951,22,1.0885309281614886,0.0930115286225579
1997-08-29,101,124.6389447122966,1.4142135623730951,19,0.9320100935102011,0.08181795302760819
1997-09-08,101,124.6852774486648,1.4142135623730951,24,1.3013689971354694,0.08986915887406921
1997-09-15,101,124.35811578455535,1.4142135623730951,23,1.2448464639113783,0.13861230024932203
1997-09-22,101,124.72404779385472,1.4142135623730951,22,1.2060138105933675,0.09667669699458892
1997-09-29,101,124.55346657133242,1.4142135623730951,27,1.4119991410026649,0.09420398577327416
1997-10-06,101,124.75163816411204,1.4142135623730951,30,1.5723985262862996,0.09260603616987861
1997-10-13,101,124.69438109059523,1.4142135623730951,27,1.275490886079472,0.09674451813884266
1997-10-20,101,124.42120492570221,1.4142135623730951,27,1.5967204304931941,0.16038645075902158
1997-10-27,101,120.0696569469737,1.4142135623730951,17,0.9140143938153882,0.07890757977213791
1997-11-03,101,118.24571089371112,1.4142135623730951,15,0.8653041664202283,0.10390364110437744
1997-11-10,101,118.28704379800297,1.4142135623730951,16,0.7195834921571148,0.07607735999970933
1997-11-17,101,117.68079579621049,1.4142135623730951,14,0.6552236152094936,0.05776156693837753
1997-11-24,101,117.11790949277797,1.4142135623730951,12,0.574447915854899,0.08094130860808635
1997-12-02,101,117.34335159259192,1.4142135623730951,6,0.3302762751281867,0.07601814658547079
1997-12-09,101,117.00263475358811,1.4142135623730951,9,0.4463996585874356,0.09137980733007289
1997-12-16,101,116.76207122275065,1.4142135623730951,10,0.5183842710824835,0.06722284749729945
1997-12-23,101,117.22503983534212,1.4142135623730951,9,0.41924065660376675,0.05281368394735442
1997-12-31,101,116.96632187750856,1.4142135623730951,11,0.42344178655271003,0.048105119793367956
1998-01-08,101,117.24969720707081,1.4142135623730951,12,0.5883783958175144,0.07763114292599105
1998-01-15,101,116.83955919009429,1.4142135623730951,17,0.7922481048102785,0.07647082470342803
1998-01-23,101,119.56265054362302,1.4142135623730951,17,0.8089695040337953,0.08996884188135823
1998-01-30,101,121.29873226984537,1.4142135623730951,19,1.1695371874443103,0.09632910643471937
1998-02-06,101,121.38782809322737,1.4142135623730951,21,1.0803878072274045,0.0813565997775414
1998-02-13,101,122.20656879299521,1.4142135623730951,19,1.1253958127403507,0.10645891747988268
1998-02-23,101,122.99098625445824,1.4142135623730951,19,1.2388081442905436,0.1320667065661576
1998-03-02,101,122.68370635061899,1.4142135623730951,23,1.2797932147308684,0.13629092332667225
1998-03-09,101,122.60229592762184,1.4142135623730951,24,1.2598781218527848,0.09831945728339875
1998-03-16,101,123.6493724570663,1.4142135623730951,30,1.6260018525031186,0.10975106308702887
1998-03-23,101,123.8815077422953,1.4142135623730951,26,1.3049911713249724,0.09316184775023606
1998-03-30,101,116.67233030123272,1.4142135623730951,19,1.0437072903323044,0.09884389708427288
1998-04-06,101,121.62637727786034,1.4142135623730951,23,1.5367105296978871,0.18118876097123682
1998-04-14,101,123.28427055258449,1.4142135623730951,27,1.409772205325816,0.14113000404760645
1998-04-21,101,123.95049574389616,1.4142135623730951,29,1.530813862139175,0.11882548372121682
1998-04-28,101,124.07611337123788,1.4142135623730951,21,1.3483451068789136,0.09346861261043693
1998-05-05,101,124.52595989350374,1.4142135623730951,25,1.3638433553152676,0.08393755996919205
1998-05-12,101,124.5809016798162,1.4142135623730951,29,1.508454218565007,0.09971099026192443
1998-05-19,101,124.55617887433851,1.4142135623730951,29,1.6338736462501773,0.10606310399470154
1998-05-27,101,125.32369841689456,1.4142135623730951,29,1.6105575114958652,0.09711288490486569
1998-06-03,101,125.39171607976715,1.4142135623730951,31,1.850643574778804,0.13241777642323482
1998-06-10,101,125.15705342994048,1.4142135623730951,30,1.6282496858271736,0.11861244579707475
1998-06-17,101,116.27342915740007,1.4142135623730951,25,1.2683502803036242,0.09722647256548433
1998-06-24,99,110.54077369480258,1.4142135623730951,27,2.0231017725545772,0.16447093323905926
1998-07-01,101,121.3585243059267,1.4142135623730951,28,1.8105766139756898,0.13010048238966299
1998-07-09,101,121.12909405988042,1.4142135623730951,31,1.829004864875238,0.1456827511156218
1998-07-16,101,121.79631144480629,1.4142135623730951,33,2.103905530193731,0.20363948506718987
1998-07-23,101,122.5531616713738,1.4142135623730951,38,2.0524699367550383,0.13595921109624154
1998-07-30,101,122.27175028983227,1.4142135623730951,35,2.116449580814125,0.1563932112386408
1998-08-06,101,121.56820170187514,1.4142135623730951,34,1.826966153061407,0.12600305339889872
1998-08-13,101,120.90925817333864,1.4142135623730951,34,2.097281433412979,0.11177612888221766
1998-08-20,101,120.55479115132502,1.4142135623730951,32,1.707923249404902,0.09958861113010764
1998-08-27,101,119.69116336727569,1.4142135623730951,27,1.4838332805936303,0.09521010717214606
1998-09-03,101,116.23705185692104,1.4142135623730951,15,0.8178384626083178,0.0836611096177049
1998-09-11,101,114.79975045947819,1.4142135623730951,12,0.474291257995309,0.05902133636456419
1998-09-18,101,114.5389519423369,1.4142135623730951,14,0.7004964814918577,0.08657575781333016
1998-09-25,101,114.41255870656833,1.4142135623730951,8,0.42070229715334184,0.04871919674201841
1998-10-02,101,113.93619424577675,1.4142135623730951,11,0.434533655311243,0.06219423627964149
1998-10-09,101,114.40489612277494,1.4142135623730951,5,0.38096055563650255,0.08940055357417998
1998-10-16,101,113.21328070293488,1.4142135623730951,11,0.5920765385997122,0.09590270885193508
1998-10-23,101,114.03768096450291,1.4142135623730951,11,0.6214387756456565,0.0944160335078108
1998-10-30,101,114.77238031222147,1.4142135623730951,8,0.4245372349732859,0.06311097690907752
1998-11-06,101,115.15132559120784,1.4142135623730951,6,0.34541699801468473,0.049831634029586125
1998-11-13,101,115.48188027830399,1.4142135623730951,7,0.43347950093370324,0.06862449968196782
1998-11-20,101,116.64849254971828,1.4142135623730951,6,0.3951591965449912,0.07297488169084265
1998-11-30,101,118.46269881313258,1.4142135623730951,24,0.9974951520651795,0.0770440548328919
1998-12-07,101,120.4482223747042,1.4142135623730951,26,1.2783489327565207,0.08898291263784719
1998-12-14,101,120.26446422878786,1.4142135623730951,23,1.2395618631062104,0.09502609194114908
1998-12-21,101,120.57377181988333,1.4142135623730951,27,1.3266897600347825,0.10662466094382372
1998-12-29,101,121.62995880618944,1.4142135623730951,29,1.5770201634942635,0.09976428273923421
1999-01-06,101,123.31111775952826,1.4142135623730951,32,1.89074609211303,0.12550468082746713
1999-01-13,101,124.56155765378678,1.4142135623730951,34,1.9220891856820188,0.11935582503175102
1999-01-21,101,123.73777592613185,1.4142135623730951,34,1.7167216748633312,0.11783208745582119
1999-01-28,101,119.23121809079511,1.4142135623730951,41,2.561135625636071,0.14764465768667856
1999-02-04,101,122.18894275872105,1.4142135623730951,24,1.5532125169507003,0.13212095936050905
1999-02-11,101,121.53372447410128,1.4142135623730951,21,1.339325279441764,0.14829949157462763
1999-02-19,101,120.9987079707876,1.4142135623730951,25,1.415037248557167,0.10356377003991901
1999-02-26,101,120.62554363207802,1.4142135623730951,27,1.5824367068654124,0.1103039460244517
1999-03-05,101,120.83114550726935,1.4142135623730951,26,1.3990312804883698,0.10597192495889107
1999-03-12,101,120.97295064731665,1.4142135623730951,23,1.28205441453544,0.13662490401204597
1999-03-19,101,120.95323409712248,1.4142135623730951,21,1.0553947747175754,0.11841560223047032
1999-03-26,101,120.068702376839,1.4142135623730951,28,1.5033290520650935,0.0989456236368107
1999-04-05,75,93.08095793481192,1.4142135623730951,37,2.538973677744912,0.18365602231504263
1999-04-12,101,117.62682128225978,1.4142135623730951,28,1.6287090372460298,0.14457605078308755
1999-04-19,101,118.9209751691674,1.4142135623730951,26,1.4309328879831302,0.114698964760934
1999-04-26,101,119.76431131987817,1.4142135623730951,25,1.4228910728494817,0.12586707775527695
1999-05-03,101,119.80463905937181,1.4142135623730951,25,1.4542408411271743,0.11301166510425564
1999-05-10,101,120.55953519311741,1.4142135623730951,31,1.5523070946252044,0.09631628864611641
1999-05-17,101,121.00853379638983,1.4142135623730951,27,1.447871693196551,0.1233716654519359
1999-05-24,101,121.46457800353112,1.4142135623730951,32,1.7102595847915039,0.15427630111160195
1999-06-01,101,121.49437442441658,1.4142135623730951,22,1.3471822942248237,0.16261512075373719
1999-06-08,101,121.28812295744143,1.4142135623730951,24,1.3445594542444128,0.15580717098247243
1999-06-15,101,121.29209488687245,1.4142135623730951,26,1.614623281783957,0.1183044872906136
1999-06-22,101,121.7254715737088,1.4142135623730951,25,1.5770440845483948,0.12452675891393872
1999-06-29,101,121.3343321696616,1.4142135623730951,30,1.7354656679560752,0.1514040774654528
1999-07-07,101,121.28023981837147,1.4142135623730951,24,1.4096916409193279,0.1309352084850277
1999-07-14,101,122.51132120403585,1.4142135623730951,30,1.3896235489402908,0.11675498684810925
1999-07-21,101,122.61098875276046,1.4142135623730951,29,1.6536088314871364,0.1186249672519053
1999-07-28,101,121.46813778516467,1.4142135623730951,29,1.746496984810136,0.11940180917990562
1999-08-04,101,120.71786770300669,1.4142135623730951,35,1.8806650381289887,0.10630193059785364
1999-08-11,101,120.22798291440778,1.4142135623730951,28,1.580740118199539,0.10984513520833694
1999-08-18,101,120.73533989019336,1.4142135623730951,25,1.3461906723622117,0.12461491680354597
1999-08-25,101,121.24424321553944,1.4142135623730951,33,1.6869563117599096,0.0869074233253897
1999-09-01,101,121.572404848623,1.4142135623730951,25,1.3560895010202876,0.10041156108145488
1999-09-09,101,120.91660064276385,1.4142135623730951,17,1.052360375710393,0.08756996384539462
1999-09-16,101,120.87390116038365,1.4142135623730951,22,1.0270428186839882,0.06988971520204945
1999-09-23,101,120.15041917277226,1.4142135623730951,22,0.9218948927488263,0.09899326042195655
1999-09-30,101,119.92095233001326,1.4142135623730951,23,1.1379760594553987,0.08547351827182958
1999-10-07,101,119.64607620781516,1.4142135623730951,19,0.9670114983964032,0.07682298926040598
1999-10-14,101,120.06982344191083,1.4142135623730951,17,0.8392474494521811,0.056930100380158555
1999-10-21,101,120.32303309030462,1.4142135623730951,20,0.9284620758218791,0.11146765920998636
1999-10-28,101,120.31519012242424,1.4142135623730951,24,1.3481887933064873,0.14264679549455517
1999-11-04,101,119.95610393932648,1.4142135623730951,22,1.4149490269360758,0.13240524142965837
1999-11-11,101,119.96816272559187,1.4142135623730951,29,1.4350408481716403,0.09692574064503923
1999-11-18,101,120.04660561735678,1.4142135623730951,25,1.2532776014045666,0.12127544901987442
1999-11-26,101,120.5222814817725,1.4142135623730951,25,1.305199045878643,0.10091676422703122
1999-12-03,101,121.2649062086364,1.4142135623730951,20,1.1918438518217835,0.09254216135609639
1999-12-10,101,121.77145144392978,1.4142135623730951,18,0.9936668863700513,0.11776987089607105
1999-12-17,101,122.98985352467065,1.4142135623730951,22,1.2399249080216495,0.11154896386593083
1999-12-27,101,123.43237238944516,1.4142135623730951,40,2.0191349472544493,0.09244437447343845
2000-01-03,101,124.27386156961218,1.4142135623730951,49,2.525418105597929,0.1030194947202907
2000-01-10,101,122.57454257627802,1.4142135623730951,37,1.8336540985085956,0.12358745808548899
2000-01-18,101,122.24428699229166,1.4142135623730951,34,1.8385751766929097,0.177366221538809
2000-01-25,101,123.17862136898277,1.4142135623730951,34,1.9293496290423695,0.1093522099708879
2000-02-01,101,122.35860147817202,1.4142135623730951,29,1.5066089780691838,0.09624440464457806
2000-02-08,101,122.49708571675468,1.4142135623730951,38,1.9475246425999184,0.09307541868332714
2000-02-15,101,122.43376792107725,1.4142135623730951,33,1.9105865566404374,0.11228910772676937
2000-02-23,101,122.32780276038537,1.4142135623730951,32,1.7127192644916691,0.10131745074053189
2000-03-01,101,122.23593815327017,1.4142135623730951,36,1.974714274051471,0.1315359984217459
2000-03-08,101,122.49780105686257,1.4142135623730951,31,1.718240440162988,0.1484083883732752
2000-03-15,101,121.95288395191801,1.4142135623730951,23,1.3767422843890467,0.15268594972280658
2000-03-22,101,120.30862403387923,1.4142135623730951,18,1.1483851488648273,0.10477425274839813
2000-03-29,101,119.8168961810796,1.4142135623730951,27,1.5496315160883423,0.10491889862886361
2000-04-05,101,120.03072976385208,1.4142135623730951,27,1.286710000662391,0.07595153256948306
2000-04-12,101,119.15455876269867,1.4142135623730951,19,1.0955147981141085,0.08826233589348353
2000-04-19,101,117.29805236419762,1.4142135623730951,22,1.2237603481775583,0.09658114173220711
2000-04-27,101,117.2583617737432,1.4142135623730951,23,1.1708053994603294,0.07081500265519103
2000-05-04,59,76.0334633072399,1.4142135623730951,12,0.5220804296872276,0.06436025232597586
2000-05-11,101,113.0733169512268,1.4142135623730951,26,1.4397110093212957,0.13786239186589233
2000-05-18,101,116.00150886349404,1.4142135623730951,20,1.294210677476395,0.21839057149301855
2000-05-25,101,114.92912624628993,1.4142135623730951,27,1.7379515335954314,0.1343152903329583
2000-06-02,101,113.24396466438559,1.4142135623730951,19,1.0771032324244207,0.12174089317457448
2000-06-09,101,113.57178184206897,1.4142135623730951,16,0.8915291689333299,0.08550248422981088
2000-06-16,101,114.88884195519586,1.4142135623730951,16,0.9102013433126102,0.10349006295919327
2000-06-23,101,109.6244986037111,1.4142135623730951,29,2.0132837362138667,0.15815531397234905
2000-06-30,101,114.53623189864923,1.4142135623730951,21,1.0243411555290556,0.08583646822906044
2000-07-10,101,112.14544345612164,1.4142135623730951,22,1.496660457667992,0.1626664059253573
2000-07-17,101,114.90440412054252,1.4142135623730951,22,1.4196151929628291,0.14536666128951725
2000-07-24,101,115.92927433379691,1.4142135623730951,19,1.3042889748456938,0.11458422291106807
2000-07-31,101,116.33209208432385,1.4142135623730951,26,1.5934821932036602,0.14122736431912752
2000-08-07,101,117.30970908413609,1.4142135623730951,24,1.4653950567780336,0.115686683283035
2000-08-14,101,117.35598495566998,1.4142135623730951,27,1.5461357839289132,0.11163074440475151
2000-08-21,101,118.42712671125797,1.4142135623730951,25,1.4619807514530876,0.10810465200004882
2000-08-28,101,120.03397691555816,1.4142135623730951,37,1.9366641597579723,0.15320609947529817
2000-09-05,101,120.15689555888743,1.4142135623730951,36,1.8933335275218277,0.11598150583792699
2000-09-12,101,119.92957413095145,1.4142135623730951,37,2.041585655455261,0.11898828444039133
2000-09-19,101,120.42331368955665,1.4142135623730951,25,1.5183483279492187,0.09114292389809742
2000-09-26,101,121.45377350284335,1.4142135623730951,28,1.5389373743654327,0.14227441098816684
2000-10-03,101,122.25759853912295,1.4142135623730951,44,2.2751111071701366,0.11397464515964706
2000-10-10,101,122.44065412403819,1.4142135623730951,36,1.9267792648325492,0.10156939628946815
2000-10-17,101,121.84132729482602,1.4142135623730951,36,2.113305156858158,0.1425068786941024
2000-10-24,101,120.8585601030699,1.4142135623730951,35,2.246216280668193,0.1371473924752704
2000-10-31,101,120.50698745814316,1.4142135623730951,31,1.6652255836818495,0.10394626872679691
2000-11-07,101,120.4676218553766,1.4142135623730951,35,1.9907618873714248,0.09775449214592613
2000-11-14,101,119.1285781810627,1.4142135623730951,29,1.7455173855294723,0.10775415933134114
2000-11-21,101,119.04246841928098,1.4142135623730951,30,1.8774019105226678,0.1408657797273707
2000-11-29,101,118.40800110363057,1.4142135623730951,28,1.7427955435887954,0.13362120081435314
2000-12-06,101,117.95569468027284,1.4142135623730951,22,1.466035132150185,0.13132802265703014
2000-12-13,101,117.47759781359959,1.4142135623730951,25,1.2765063862953479,0.11211400163029639
2000-12-20,101,116.87270294592211,1.4142135623730951,22,1.045834325729196,0.0756175980782392
2000-12-28,101,116.31968693225116,1.4142135623730951,20,1.0852099101853825,0.10879549402959299
2001-01-05,101,114.13821656026593,1.4142135623730951,22,1.181584078288303,0.0807916358278098
2001-01-12,101,114.36634340182167,1.4142135623730951,16,0.9941584380576216,0.15589059538938566
2001-01-22,101,114.82397596194355,1.4142135623730951,21,1.1812551596250316,0.09746481979705646
2001-01-29,101,114.82638044851292,1.4142135623730951,16,0.900604281710304,0.09913955398162955
2001-02-05,101,114.5009856026562,1.4142135623730951,15,0.9222602980227609,0.08911751114610522
2001-02-12,101,114.82263523869476,1.4142135623730951,16,0.8960524172946593,0.08450784656061083
2001-02-20,101,114.76160389381242,1.4142135623730951,23,1.1258029107545622,0.09590941324218738
2001-02-27,101,115.06535164750888,1.4142135623730951,23,1.1874772795341009,0.09546861232779524
2001-03-06,101,115.49414474831286,1.4142135623730951,22,1.071355837842735,0.1072144655329006
2001-03-13,101,114.67736635295752,1.4142135623730951,20,0.8402011253444777,0.09100788231789503
2001-03-20,101,114.48929241973266,1.4142135623730951,22,1.029213107488427,0.0780415722833534
2001-03-27,101,113.97093056135296,1.4142135623730951,23,1.1406198685208742,0.126846928700863
2001-04-03,101,116.15399104231633,1.4142135623730951,18,1.3211049434141648,0.12031566961430351
2001-04-10,101,114.20071199895048,1.4142135623730951,13,0.7088250756363124,0.10170929891199165
2001-04-18,101,112.26391896192692,1.4142135623730951,15,0.6883267601515602,0.06458248169502512
2001-04-25,101,111.88145389395748,1.4142135623730951,12,0.6504692316705156,0.0973613989556924
2001-05-02,101,111.7733590827141,1.4142135623730951,9,0.47004798767636646,0.07283790194428907
2001-05-09,101,111.50945945559394,1.4142135623730951,10,0.45045038287113026,0.061457280104911804
2001-05-16,101,110.99692453377001,1.4142135623730951,9,0.4154215892244003,0.07170276037633239
2001-05-23,101,110.52415973988103,1.4142135623730951,12,0.6057368381035957,0.09474418266160711
2001-05-31,101,109.47863543354424,1.4142135623730951,11,0.5110950361161284,0.07799190242291199
2001-06-07,101,109.89059722771377,1.4142135623730951,9,0.4905752253664364,0.12811905022240344
2001-06-14,101,109.20519214933941,1.4142135623730951,12,0.555584320894521,0.12001582834308366
2001-06-21,71,79.6365112661665,1.4142135623730951,30,3.339189658803635,0.4679511790154186
2001-06-28,101,106.34271425843029,1.4142135623730951,15,1.0048343721874828,0.18437517619216326
2001-07-06,101,109.1612011478443,1.4142135623730951,13,0.9935044456632288,0.1297790149087379
2001-07-13,101,112.42446481751077,1.4142135623730951,16,0.897780736072258,0.1303715037293245
2001-07-20,101,113.50975058664943,1.4142135623730951,16,0.9925661614609664,0.12517875066524065
2001-07-27,101,113.1914818007104,1.4142135623730951,17,0.9637067246299871,0.1116326107670409
2001-08-03,101,113.79943265176594,1.4142135623730951,19,0.9907767407271802,0.10220264141535673
2001-08-10,101,114.32909879687007,1.4142135623730951,21,1.0953901679359888,0.09254063890601527
2001-08-17,101,114.90202144232519,1.4142135623730951,20,1.0269223372206504,0.08989695630134542
2001-08-24,101,115.01664871108096,1.4142135623730951,23,1.2079174298934499,0.08372918463563916
2001-08-31,101,115.26379967971992,1.4142135623730951,25,1.2289183315713021,0.07363044496102034
2001-09-10,101,115.52534055481678,1.4142135623730951,23,1.1635243052020439,0.06790976123021064
2001-09-21,101,111.42802998808702,1.4142135623730951,16,0.8792935450121712,0.07697281032254
2001-09-28,101,111.60290541836311,1.4142135623730951,14,0.7004356070849539,0.10118162840242495
2001-10-05,101,110.63195105792191,1.4142135623730951,11,0.8001660615939424,0.09119389394860478
2001-10-12,101,109.91652637829986,1.4142135623730951,17,0.843724939353489,0.0824961723639086
2001-10-19,101,109.70644213309232,1.4142135623730951,13,0.8444126732373122,0.11120865669721258
2001-10-26,101,109.52114716450512,1.4142135623730951,16,0.8400026302778212,0.1009994542254985
2001-11-02,101,108.61811458138115,1.4142135623730951,15,0.8655891951713904,0.11067185547031011
2001-11-09,101,109.06806982065467,1.4142135623730951,12,0.7129706189697357,0.08559631815916047
2001-11-16,101,109.48249424703216,1.4142135623730951,12,0.7579121505006118,0.10784817683080306
2001-11-26,101,109.98835057648611,1.4142135623730951,14,0.7564941443952017,0.07106953045206832
2001-12-03,101,109.87376712174026,1.4142135623730951,15,0.7760833382094281,0.08603602028576762
2001-12-10,101,109.34701775656045,1.4142135623730951,11,0.5876311248688487,0.10349578452149277
2001-12-17,101,112.11771116071154,1.4142135623730951,14,0.8403450871688882,0.13848421531405486
2001-12-24,101,111.81488889609274,1.4142135623730951,14,0.7848212740211689,0.11021570671505265
2002-01-02,101,111.70313507432857,1.4142135623730951,14,0.7199872464611731,0.061507121778892726
2002-01-09,101,112.71737953553442,1.4142135623730951,16,0.8991350088809011,0.0943277264023108
2002-01-16,101,112.69760698041,1.4142135623730951,21,1.1836166856354629,0.11568469954780536
2002-01-24,101,112.61199950694044,1.4142135623730951,24,1.1523345969129508,0.10999735466047333
2002-01-31,101,113.38654412517957,1.4142135623730951,22,1.129616541073022,0.09280748492735458
2002-02-07,101,113.76714546784416,1.4142135623730951,23,1.1233868297547998,0.0877470582728277
2002-02-14,101,113.33702117549024,1.4142135623730951,20,0.9773212218958105,0.09560831216832355
2002-02-22,101,112.5708192917364,1.4142135623730951,18,0.9859989282269694,0.08604435872338456
2002-03-01,101,111.83333666585685,1.4142135623730951,22,1.051302977879055,0.06958168392776343
2002-03-08,101,112.66767193627643,1.4142135623730951,23,1.108050989284784,0.07026374154762038
2002-03-15,101,113.0251181817392,1.4142135623730951,16,0.7925857983958466,0.08185975268201329
2002-03-22,101,112.51907214979639,1.4142135623730951,12,0.7419944900493697,0.0776614851591646
2002-04-01,101,112.10765479123303,1.4142135623730951,15,0.7804486942901215,0.0871150941841412
2002-04-08,101,111.93027711342836,1.4142135623730951,17,0.8169420919687332,0.07717415779284997
2002-04-15,101,111.68229226019369,1.4142135623730951,16,0.7494094733178146,0.07267880386272196
2002-04-22,101,110.8118127873278,1.4142135623730951,14,0.6801684917051741,0.09998446045593479
2002-04-29,101,111.38938376267328,1.4142135623730951,19,0.8743950547680167,0.07824843013355554
2002-05-06,101,111.19782142616525,1.4142135623730951,8,0.5671121724090482,0.10165491965716256
2002-05-13,101,108.93462092148332,1.4142135623730951,13,0.44577348325667776,0.043644417129730995
2002-05-20,101,108.65351219630043,1.4142135623730951,10,0.5456451110480319,0.07539530606894651
2002-05-28,79,87.01044873023855,1.4142135623730951,18,1.6684332175314822,0.202944325247002
2002-06-04,101,108.32457327634842,1.4142135623730951,22,1.2841567760858013,0.15212595651632177
2002-06-11,101,108.4119751787262,1.4142135623730951,18,0.9523445226890053,0.1687051522631453
2002-06-18,101,104.67776569842096,1.4142135623730951,15,1.0020470542820321,0.1664926566212115
2002-06-25,101,107.78832636676147,1.4142135623730951,15,0.7475196482134038,0.09859549746354546
2002-07-02,101,108.24507435585622,1.4142135623730951,14,0.7046276103489633,0.0994078318317213
2002-07-10,101,106.60892122609924,1.4142135623730951,13,0.6357429845983152,0.10233743481139812
2002-07-17,101,107.38321025066472,1.4142135623730951,7,0.41935623454862114,0.09199670871149945
2002-07-24,101,105.69124142142176,1.4142135623730951,12,0.6643453652211145,0.08039263951633258
2002-07-31,101,104.49581897642567,1.4142135623730951,13,0.8757786936679327,0.15357743172922178
2002-08-07,101,105.28967837865713,1.4142135623730951,9,0.5675118929989844,0.10136344760633031
2002-08-14,101,105.20369759176795,1.4142135623730951,13,0.8618814791511933,0.13198756415860113
2002-08-21,101,105.81898897934035,1.4142135623730951,14,0.8830467194269029,0.1371706137808355
2002-08-28,101,105.43361836691145,1.4142135623730951,12,0.7803561283506121,0.12732979986322146
2002-09-05,101,105.15873810705351,1.4142135623730951,13,0.8041256984085178,0.14508741627951816
2002-09-12,101,104.58007601273663,1.4142135623730951,8,0.6269005848511767,0.14929703501937364
2002-09-19,101,104.9691626215038,1.4142135623730951,11,0.6972020506824499,0.1277280691146938
2002-09-26,101,105.17110652429047,1.4142135623730951,13,0.6820172306311038,0.09297574974640654
2002-10-03,101,106.40218738120802,1.4142135623730951,13,0.7970159425694822,0.0959977054453669
2002-10-10,101,105.06500341281293,1.4142135623730951,11,0.6438716481316844,0.12072762177168062
2002-10-17,101,104.55266654754874,1.4142135623730951,10,0.643523445753165,0.09692687043545134
2002-10-24,101,105.3725582118133,1.4142135623730951,8,0.41635096979147157,0.07116647974328161
2002-10-31,101,106.34749728101919,1.4142135623730951,10,0.4008009964934015,0.0672568301331582
2002-11-07,101,107.55548731518527,1.4142135623730951,5,0.39676922816033167,0.08672603024844339
2002-11-14,101,107.0454910982079,1.4142135623730951,8,0.41460460517877573,0.06460247715347411
2002-11-21,101,107.48604634081912,1.4142135623730951,9,0.4200547342466989,0.056694970050061966
2002-11-29,101,107.84307320219435,1.4142135623730951,6,0.3461597307712473,0.06161615144709087
2002-12-06,101,108.26185318976306,1.4142135623730951,8,0.35640412289818113,0.05138413593345592
2002-12-13,101,106.8666892786237,1.4142135623730951,7,0.34094129807941853,0.0960937301202438
2002-12-20,101,106.4709773981326,1.4142135623730951,4,0.27778890901603315,0.11170160792358741
2002-12-30,101,106.02046982455518,1.4142135623730951,2,0.23151047590079232,0.09597537966288117
2003-01-07,101,106.78898842152563,1.4142135623730951,9,0.4724671833578791,0.09830293177492577
2003-01-14,101,107.22482077139836,1.4142135623730951,7,0.4197330503609278,0.08953775088151439
2003-01-22,101,106.6611625994634,1.4142135623730951,5,0.29302571518519305,0.06245634456308902
2003-01-29,101,106.53413239655548,1.4142135623730951,6,0.2626769137931465,0.0863802364092483
2003-02-05,101,106.82241141050626,1.4142135623730951,7,0.44684999023775884,0.09381082323657763
2003-02-12,101,107.97390710925409,1.4142135623730951,10,0.48119486948237145,0.06611987093182714
2003-02-20,101,108.87119064904662,1.4142135623730951,11,0.4394238003796891,0.049356990863307026
2003-02-27,101,109.39592087120347,1.4142135623730951,8,0.39090913627862023,0.06677011467968264
2003-03-06,101,109.075487685087,1.4142135623730951,8,0.30316962351954024,0.06279391611370788
2003-03-13,101,109.25456135795531,1.4142135623730951,10,0.45279587738252125,0.07093772582033975
2003-03-20,101,108.8777953529361,1.4142135623730951,4,0.22979355806880963,0.045481828475805064
2003-03-27,101,108.28173858214788,1.4142135623730951,7,0.24651106925795352,0.03134386378484144
2003-04-03,101,108.12029298576994,1.4142135623730951,6,0.30789855158162316,0.0529437367273653
2003-04-10,101,108.81954816689284,1.4142135623730951,7,0.38471805982751583,0.05384118220934164
2003-04-17,101,108.74187733033379,1.4142135623730951,8,0.32795213381588817,0.052714133075500214
2003-04-25,101,109.05650616147827,1.4142135623730951,10,0.4133458934491161,0.08325535137572615
2003-05-02,101,109.07451847849545,1.4142135623730951,6,0.2498687137263168,0.037582626309921374
2003-05-09,101,109.6273433568902,1.4142135623730951,4,0.18708695518933194,0.04477376777955566
2003-05-16,101,109.27950419047163,1.4142135623730951,7,0.2840409492703556,0.06178375627927024
2003-05-23,101,108.90796221702725,1.4142135623730951,5,0.3720613231900557,0.11654190151038657
2003-06-02,101,109.36613514641822,1.4142135623730951,5,0.24570474980437162,0.05906179028311087
2003-06-09,101,110.36359622097036,1.4142135623730951,9,0.4042539350377665,0.08029342357774583
2003-06-16,101,109.8358776304096,1.4142135623730951,8,0.49489809291139564,0.09703488708390806
2003-06-23,101,110.74202457829894,1.4142135623730951,6,0.3629314709902649,0.07534060717539615
2003-06-30,101,111.86323745396666,1.4142135623730951,15,0.5802170771294751,0.08304157228170372
2003-07-08,101,111.72550594174744,1.4142135623730951,15,0.7684853771981501,0.07588485858609295
2003-07-15,101,111.88507198938986,1.4142135623730951,14,0.7357227525892096,0.06929619367375728
2003-07-22,101,111.43304262760793,1.4142135623730951,13,0.672182863038831,0.08153391437563995
2003-07-29,101,111.86166327189194,1.4142135623730951,20,0.9945579868931496,0.0909224392043273
2003-08-05,101,111.49619350158979,1.4142135623730951,20,0.9651682315313057,0.0853239873430025
2003-08-12,101,111.46527111764506,1.4142135623730951,18,1.0338591066048293,0.08341566043028814
2003-08-19,101,111.73841978709673,1.4142135623730951,20,1.032399124161044,0.08621748375968885
2003-08-26,101,111.69050422092619,1.4142135623730951,17,1.0715561693887818,0.11331991455278567
2003-09-03,101,111.53926713499692,1.4142135623730951,13,0.8506002458805203,0.0780541439598843
2003-09-10,101,111.35328942792943,1.4142135623730951,16,0.8802741015021436,0.07884496085696635
2003-09-17,101,111.05495732152181,1.4142135623730951,19,0.9333396432393098,0.0916259251406284
2003-09-24,101,109.94650962376542,1.4142135623730951,21,1.074275257943302,0.08957452448298275
2003-10-01,101,110.05255323230324,1.4142135623730951,20,1.0209941299972074,0.06671308410714627
2003-10-08,101,109.853166286263,1.4142135623730951,19,0.9686167902678972,0.07133479778961926
2003-10-15,101,110.66970625523713,1.4142135623730951,18,0.9356527642681114,0.08174208995252852
2003-10-22,101,109.28736247705073,1.4142135623730951,22,1.0606747486776764,0.07885386061400634
2003-10-29,101,109.54906263408874,1.4142135623730951,16,0.7383808006151205,0.09391715184679805
2003-11-05,101,109.63155110165958,1.4142135623730951,16,0.6679403522375211,0.08180003227293131
2003-11-12,101,110.17424745467422,1.4142135623730951,12,0.6943860380074607,0.07183716432467624
2003-11-19,101,109.37069032207741,1.4142135623730951,15,0.8233047539283396,0.09708553864903746
2003-11-26,101,109.2318262112056,1.4142135623730951,14,0.7064785812702631,0.12056978762848658
2003-12-04,101,109.88471066428998,1.4142135623730951,14,0.727989820980143,0.09786245546482086
2003-12-11,101,109.81559359493274,1.4142135623730951,18,0.9622703617876069,0.07752425971426802
2003-12-18,101,111.48824209751996,1.4142135623730951,20,0.8779677595840962,0.0651215450712006
2003-12-26,101,112.73598042038208,1.4142135623730951,22,1.149868266851703,0.10595009851418768
2004-01-05,101,112.87692518331414,1.4142135623730951,15,0.7933493168484713,0.08879555775884274
2004-01-12,101,112.75131140462238,1.4142135623730951,9,0.5438649484611148,0.10947952057466837
2004-01-20,101,113.96421218886559,1.4142135623730951,14,0.6506642276053725,0.06970883729004906
2004-01-27,101,114.23813136137728,1.4142135623730951,12,0.6917960482735608,0.06781398476993772
2004-02-03,101,114.27760482427526,1.4142135623730951,18,0.9278766274658661,0.09042382024938012
2004-02-10,101,113.62678673253508,1.4142135623730951,23,1.0269225387322856,0.1038294206926238
2004-02-18,101,114.86245379442416,1.4142135623730951,25,1.2744550487491322,0.08796419752402374
2004-02-25,101,115.50180214081495,1.4142135623730951,27,1.405361070396973,0.08675444413561695
2004-03-03,101,115.6248464230464,1.4142135623730951,23,1.2223069819965937,0.07356557124253915
2004-03-10,101,115.8703678383219,1.4142135623730951,36,1.482197188233438,0.10000544083634022
2004-03-17,101,115.43789171964963,1.4142135623730951,32,1.377574800421265,0.10514377349680815
2004-03-24,101,115.31395778175778,1.4142135623730951,27,1.592278238200963,0.0891987339516156
2004-03-31,101,114.5630556903824,1.4142135623730951,26,1.296847849654069,0.09424691776955352
2004-04-07,101,113.0963320995873,1.4142135623730951,25,1.2667785995226872,0.08464951229475548
2004-04-15,101,112.23937937506939,1.4142135623730951,25,1.246123463058246,0.11685740114950338
2004-04-22,101,111.01874228706777,1.4142135623730951,21,0.9406636113539003,0.07639558630564447
2004-04-29,101,110.34609612327189,1.4142135623730951,16,0.8175758830624694,0.06952417557379209
2004-05-06,101,111.56999323997476,1.4142135623730951,26,1.3417291832159293,0.10193442909912265
2004-05-13,101,110.86583658838138,1.4142135623730951,20,1.0871210253269084,0.07903252222791202
2004-05-20,101,111.03101476947117,1.4142135623730951,18,0.8830016606131134,0.06676971155247391
2004-05-27,101,110.29576900173852,1.4142135623730951,12,0.6304959041772261,0.056016325758824315
2004-06-04,101,110.19334920995246,1.4142135623730951,14,0.7926856423890992,0.11864172839312348
2004-06-14,101,110.05809722051289,1.4142135623730951,9,0.6177237294347053,0.10569911517674024
2004-06-21,101,109.95969025132786,1.4142135623730951,13,0.7669987974217779,0.10075504356012055
2004-06-28,101,110.60986431373833,1.4142135623730951,15,0.9076466098266517,0.1614203159475589
2004-07-06,101,110.6356550671532,1.4142135623730951,14,0.9161914782454663,0.12857595221151852
2004-07-13,101,111.00665482467747,1.4142135623730951,12,0.577788581547734,0.09670432503452031
2004-07-20,101,112.13500421096947,1.4142135623730951,20,0.9704468277415916,0.07978591910757515
2004-07-27,101,111.52192409829054,1.4142135623730951,21,1.3211235688588263,0.12605850597831458
2004-08-03,101,110.92714976405685,1.4142135623730951,22,1.1226584463271734,0.12280469477606581
2004-08-10,101,110.11872705496312,1.4142135623730951,17,1.0172003717754186,0.12250063787115317
2004-08-17,101,109.76291391632819,1.4142135623730951,27,1.2446108232310495,0.07757501082189333
2004-08-24,99,94.93213869749948,1.4142135623730951,22,1.3768593846931938,0.12272372377709106
2004-08-31,100,104.39968907819404,1.4142135623730951,24,1.4378062313970963,0.09219194834877553
2004-09-08,100,105.73452408813914,1.4142135623730951,26,1.5392334241851315,0.12337811727646075
2004-09-15,100,107.05669685941703,1.4142135623730951,29,1.225853144838872,0.0840362201983037
2004-09-22,100,107.29502650977015,1.4142135623730951,20,1.018381024475857,0.06613250838886509
2004-09-29,100,107.57325397831771,1.4142135623730951,23,1.1893211330702385,0.06736888821367781
2004-10-06,100,107.35952349493424,1.4142135623730951,25,1.402228306980126,0.0890780041525937
2004-10-13,100,106.56068006039494,1.4142135623730951,24,1.212578124109038,0.10646331415501464
2004-10-20,100,107.25967152853408,1.4142135623730951,16,0.8464737774274387,0.09628511202708145
2004-10-27,100,107.1258570919999,1.4142135623730951,23,1.184137307835608,0.10889211271890031
2004-11-03,100,108.59404513179024,1.4142135623730951,17,1.0199153571657833,0.1241367306471386
2004-11-10,100,109.153838645168,1.4142135623730951,26,1.128551161953502,0.11865700108897248
2004-11-17,100,109.55090308861836,1.4142135623730951,21,1.1406469622087698,0.1262752298959371
2004-11-24,100,109.69742911577046,1.4142135623730951,24,1.1555671944817487,0.14157755671617334
2004-12-02,100,109.61547585078046,1.4142135623730951,30,1.3278724459104942,0.1206613806338086
2004-12-09,100,110.1199638116008,1.4142135623730951,25,1.267324582703276,0.09793899940396844
2004-12-16,100,110.18640283758694,1.4142135623730951,21,1.2738599066608383,0.11085280226656347
2004-12-23,100,110.68763632269628,1.4142135623730951,24,1.399242678125654,0.09685221420793677
2004-12-31,100,110.58906690771946,1.4142135623730951,32,1.7162337482526182,0.09410948805591801
2005-01-07,100,110.17870358409836,1.4142135623730951,33,1.9938616201557928,0.13445417589470676
2005-01-14,100,110.12769187155212,1.4142135623730951,32,1.7024298660851014,0.08893844496318792
2005-01-24,100,110.67605776937145,1.4142135623730951,20,0.9237014318558515,0.08478989185108543
2005-01-31,100,110.37201739599554,1.4142135623730951,25,1.248439956916936,0.11138962353137027
2005-02-07,100,109.95626071816402,1.4142135623730951,28,1.2888133361430643,0.09491742712620044
2005-02-14,100,110.2642517513201,1.4142135623730951,27,1.477863930265749,0.10537754791861298
2005-02-22,100,110.54922097357588,1.4142135623730951,22,1.2826447561649734,0.10282235420643904
2005-03-01,100,110.59955229687044,1.4142135623730951,22,1.1190777347586587,0.08142908787809278
2005-03-08,100,111.26859713697529,1.4142135623730951,21,1.0406595721394212,0.11907574071946858
2005-03-15,100,110.83215735885534,1.4142135623730951,14,0.727521429617013,0.06556393491841761
2005-03-22,100,111.11556280201988,1.4142135623730951,13,0.6085373639376831,0.05689378725760785
2005-03-30,100,111.18070645274335,1.4142135623730951,14,0.6590889533979412,0.07627068426533845
2005-04-06,100,111.84155974564004,1.4142135623730951,15,0.8003930171374735,0.07252336556466576
2005-04-13,100,110.8897448621979,1.4142135623730951,17,0.8010798624789424,0.08376402576480202
2005-04-20,100,99.4238689116574,1.4142135623730951,11,0.6772076190693372,0.1326128357527927
2005-04-27,100,106.93506213297282,1.4142135623730951,18,0.8724120986558191,0.07461160507453535
2005-05-04,100,108.31047876383475,1.4142135623730951,21,1.288786434320616,0.13248148137598903
2005-05-11,100,109.55235122697177,1.4142135623730951,20,1.0629093322858258,0.09176430759897092
2005-05-18,100,109.61247417274284,1.4142135623730951,20,0.9162019449486933,0.07870206527838919
2005-05-25,100,109.75175923175188,1.4142135623730951,27,1.3923255912482366,0.10530129599257143
2005-06-02,100,109.24137972458497,1.4142135623730951,19,1.119138772594813,0.07680285421930333
2005-06-09,100,109.33623319180208,1.4142135623730951,28,1.2801489774001675,0.09107640154087404
2005-06-16,100,109.35841521048759,1.4142135623730951,22,1.1732866401433737,0.08466845205959683
2005-06-23,100,110.15290122121522,1.4142135623730951,26,1.4090058475964107,0.09075541269827903
2005-06-30,100,109.77251153030005,1.4142135623730951,22,1.2537324773284477,0.08211597807969362
2005-07-08,100,109.96540388861708,1.4142135623730951,18,0.9061327490464296,0.09024111248138456
2005-07-15,100,106.8256531013675,1.4142135623730951,30,1.8872473357341613,0.14057573638751397
2005-07-22,100,113.66175665134638,1.4142135623730951,32,1.9445810888939372,0.09639868171620936
2005-07-29,100,113.36074421918639,1.4142135623730951,45,2.4147827529203,0.12608649859161902
2005-08-05,100,112.77024123085215,1.4142135623730951,39,2.2419066376018293,0.11136249548049015
2005-08-12,100,113.836189417528,1.4142135623730951,36,2.045915051118559,0.11126669764905772
2005-08-19,100,113.04596397012867,1.4142135623730951,40,1.9651827057782478,0.09325877739556043
2005-08-26,100,112.90769357757907,1.4142135623730951,41,2.0875056485945773,0.08972167693675015
2005-09-02,100,113.43473861784365,1.4142135623730951,37,1.7191862540793188,0.0874155454947616
2005-09-12,100,113.36007781857066,1.4142135623730951,36,1.9268390485963318,0.13258526286768046
2005-09-19,100,113.40451328371384,1.4142135623730951,35,1.7820239311997477,0.0811083862406261
2005-09-26,100,114.420158803398,1.4142135623730951,34,1.8546930981201841,0.09838091999680709
2005-10-03,100,114.91424203959237,1.4142135623730951,31,1.632688997067927,0.11901900358905748
2005-10-10,100,113.5578483349061,1.4142135623730951,34,1.8761263166909663,0.0888171148093333
2005-10-17,100,114.1931787042771,1.4142135623730951,43,2.022237963210464,0.0804885199492631
2005-10-24,100,112.44168535981878,1.4142135623730951,27,1.2673248230261145,0.0886003786280144
2005-10-31,100,111.55749329473937,1.4142135623730951,31,1.559610250081941,0.09114987515992268
2005-11-07,100,111.31439626030534,1.4142135623730951,34,1.635358512602809,0.09224496189612341
2005-11-14,100,111.94717311005441,1.4142135623730951,40,2.1451688319409623,0.10125018884558501
2005-11-21,100,112.71044033718869,1.4142135623730951,39,2.287264627459713,0.10353452201674651
2005-11-29,100,112.92322656062217,1.4142135623730951,33,1.8976569055564716,0.10641328092345659
2005-12-06,100,111.98922250822741,1.4142135623730951,39,1.9431334222297918,0.09351200106710733
2005-12-13,100,112.16544684861229,1.4142135623730951,43,2.228337752273341,0.10198312902204099
2005-12-20,100,112.50581497081873,1.4142135623730951,38,1.801945886880736,0.09917065793424751
2005-12-28,100,112.09866586483804,1.4142135623730951,35,1.7827823083421432,0.11299748256829023
2006-01-05,100,112.72619538908458,1.4142135623730951,32,2.004801524252785,0.10084472706420478
2006-01-12,100,112.78858146234154,1.4142135623730951,32,1.8052886599103006,0.10922176952869855
2006-01-20,100,112.018200584131,1.4142135623730951,36,1.9440775259952516,0.09933175051824494
2006-01-27,100,112.59843620729487,1.4142135623730951,32,1.8184514957072957,0.1095020671069995
2006-02-03,100,113.45046925865935,1.4142135623730951,35,1.857942155234353,0.11114165761039607
2006-02-10,100,113.6368344129135,1.4142135623730951,33,1.5411781923971575,0.11058384507815266
2006-02-17,100,113.72029282723575,1.4142135623730951,37,1.7479773882569174,0.09766395667172456
2006-02-27,100,113.86981369389504,1.4142135623730951,30,1.5187292351292556,0.10559437400284466
2006-03-06,100,113.44287616407553,1.4142135623730951,28,1.5494478674736654,0.08666089895498863
2006-03-13,100,113.86950037474857,1.4142135623730951,38,1.9540119735006525,0.1025578394478539
2006-03-20,100,113.09317027212282,1.4142135623730951,32,1.5301765822266054,0.0838721283565731
2006-03-27,100,113.11630791696776,1.4142135623730951,30,1.9060850415927866,0.0920321947371765
2006-04-03,100,113.4082831702491,1.4142135623730951,37,1.962107263851434,0.11060342105649013
2006-04-10,100,113.5237457308373,1.4142135623730951,28,1.508283134266803,0.08539651026486728
2006-04-18,100,113.29660484020756,1.4142135623730951,26,1.5673489284115314,0.11057165599192897
2006-04-25,100,113.65492639188331,1.4142135623730951,29,1.5682684395515807,0.0941575289701333
2006-05-02,100,114.03491251258862,1.4142135623730951,37,2.346132852511566,0.1439718275327302
2006-05-09,100,114.43348074594245,1.4142135623730951,30,1.573258201818463,0.12502707855409456
2006-05-16,100,113.75813682088402,1.4142135623730951,32,1.6674918277640143,0.12097386797791909
2006-05-23,100,113.53910705869924,1.4142135623730951,33,1.6460758780376261,0.09360077823409263
2006-05-31,100,113.76071402587793,1.4142135623730951,31,1.6246852560315306,0.10223685682220263
2006-06-07,100,111.41805529504519,1.4142135623730951,24,1.192313507541536,0.08143128252907816
2006-06-14,100,111.83870870389632,1.4142135623730951,28,1.360682321813013,0.07467662324675017
2006-06-21,100,110.0140041238368,1.4142135623730951,28,1.3714426925632275,0.11746122383840318
2006-06-28,100,110.09705866294364,1.4142135623730951,30,1.492544753812673,0.09760067700026887
2006-07-06,100,108.43053865431011,1.4142135623730951,31,1.6804500321389997,0.08426540610386057
2006-07-13,100,108.1478640230947,1.4142135623730951,25,1.2024257484920167,0.08077738242318722
2006-07-20,100,107.41545606376692,1.4142135623730951,34,1.7357441025920397,0.09765309625624696
2006-07-27,100,106.6161920101285,1.4142135623730951,22,0.8881339132009941,0.06556663829270448
2006-08-03,100,105.40630180361235,1.4142135623730951,20,0.9157339515243644,0.09004941134478428
2006-08-10,100,106.38265355906024,1.4142135623730951,14,0.8726572823751623,0.0897959423990331
2006-08-17,100,105.95442150846591,1.4142135623730951,14,0.8302217047536331,0.09017661854619075
2006-08-24,100,106.07802843935441,1.4142135623730951,13,0.6007898654494421,0.08787342498709627
2006-08-31,100,106.81831210282543,1.4142135623730951,13,0.703284210966769,0.09848960442494192
2006-09-08,100,106.48814157110728,1.4142135623730951,16,0.7892770598367983,0.09440440364029212
2006-09-15,100,108.06988855674695,1.4142135623730951,19,1.0213546487035985,0.07849459988131025
2006-09-22,100,108.22514276750047,1.4142135623730951,24,1.1159966907696715,0.07836436287430626
2006-09-29,100,109.38711892571838,1.4142135623730951,23,1.2959937885340689,0.11026730012811703
2006-10-06,100,109.39881565678444,1.4142135623730951,23,1.2537557488680875,0.10975327325266693
2006-10-13,100,110.6431743576019,1.4142135623730951,20,1.3347203725960055,0.13162135731506464
2006-10-20,100,111.6563724724784,1.4142135623730951,17,1.0872967929172417,0.10815626450237426
2006-10-27,100,112.38300684712176,1.4142135623730951,20,1.1539578295470647,0.09718695909237285
2006-11-03,100,112.32161426065835,1.4142135623730951,21,1.0706497037323532,0.0845403663734765
2006-11-10,100,113.13748681703305,1.4142135623730951,31,1.5075354717421336,0.12182751613656517
2006-11-17,100,113.03660469253184,1.4142135623730951,26,1.4926923782213637,0.08224386594807953
2006-11-27,100,111.9514051598506,1.4142135623730951,28,1.6753678960626095,0.10892450145889931
2006-12-04,100,112.70094438176386,1.4142135623730951,32,1.8342850706379472,0.09928042412732707
2006-12-11,100,113.2256842476902,1.4142135623730951,28,1.678787235060783,0.11367265414728256
2006-12-18,100,112.91910684629957,1.4142135623730951,33,1.7307350185459887,0.09815308915382581
2006-12-26,100,113.54036718920963,1.4142135623730951,37,2.1878041301056035,0.10525124994001356
2007-01-04,100,114.42299103330376,1.4142135623730951,29,1.6411029718678691,0.10073002815827947
2007-01-11,100,113.88235562530612,1.4142135623730951,24,1.1850713662127126,0.07567427418294637
2007-01-19,100,113.35262266074132,1.4142135623730951,28,1.3706793377954154,0.0801510260221121
2007-01-26,100,112.39068540072145,1.4142135623730951,22,1.2826887995042733,0.08328991893432325
2007-02-02,100,112.64112931203809,1.4142135623730951,27,1.4584542627790227,0.08724472960772922
2007-02-09,100,113.46745525778428,1.4142135623730951,34,1.8628188544362108,0.09570043366344039
2007-02-16,100,113.13633394420182,1.4142135623730951,33,1.6071425280322378,0.09007989603897848
2007-02-26,100,114.76651592787984,1.4142135623730951,48,2.410596454272201,0.10897925332021074
2007-03-05,100,110.93648086861266,1.4142135623730951,35,1.781577323273558,0.0871780034858054
2007-03-12,100,110.40694931603748,1.4142135623730951,25,1.3643428591662814,0.07986959218478884
2007-03-19,100,108.98400024488686,1.4142135623730951,23,1.1431070170627424,0.10240426235960443
2007-03-26,100,108.44782382003622,1.4142135623730951,22,1.1917768870849261,0.10966950953322974
2007-04-02,100,108.27095197429063,1.4142135623730951,18,0.8733246288147114,0.09495792771591816
2007-04-10,100,108.23639658972714,1.4142135623730951,22,1.3037395078684177,0.1292463925273205
2007-04-17,100,108.75270950286014,1.4142135623730951,12,0.7813690831549436,0.11975214673512657
2007-04-24,96,90.33039692139823,1.4142135623730951,24,1.5117930717425108,0.15669845072315658
2007-05-01,100,107.62700659465874,1.4142135623730951,27,1.5521298115898028,0.15249916831989896
2007-05-08,100,108.86895900398619,1.4142135623730951,26,1.4117009289205522,0.11893805168675742
2007-05-15,100,108.35799063766825,1.4142135623730951,29,1.2592682178140613,0.07377253610485535
2007-05-22,100,107.98842543318803,1.4142135623730951,23,1.1491420026623964,0.11461812151095563
2007-05-30,100,112.09820960363022,1.4142135623730951,26,1.7325753642302701,0.09146776289591985
2007-06-06,100,112.42878534559169,1.4142135623730951,32,1.8393209763816947,0.1129571008537793
2007-06-13,100,111.45306081665454,1.4142135623730951,30,1.5887162519727211,0.10959059715843045
2007-06-20,100,112.12135786105753,1.4142135623730951,29,1.7778970524622264,0.1078414188882012
2007-06-27,100,111.04524637657182,1.4142135623730951,32,1.8040934052613622,0.09057923665537693
2007-07-05,100,110.76808707274478,1.4142135623730951,34,1.8019779705357248,0.12035673956043635
2007-07-12,100,110.04372258556295,1.4142135623730951,30,1.5444943770579116,0.10171540347038943
2007-07-19,100,110.35183079915387,1.4142135623730951,27,1.569178221921712,0.08665803578894038
2007-07-26,100,108.98105755159942,1.4142135623730951,26,1.3206191749357408,0.0882124600442139
2007-08-02,100,106.76820643536158,1.4142135623730951,29,1.7723437927863912,0.15510518808429752
2007-08-09,100,104.14514197173526,1.4142135623730951,28,1.5721900286781247,0.10638737792234298
2007-08-16,100,94.73030408048032,1.4142135623730951,38,1.995900708127822,0.11279496125387412
2007-08-23,100,102.28643086442256,1.4142135623730951,32,2.1319552464187543,0.1654147973822152
2007-08-30,100,103.2325723213079,1.4142135623730951,33,1.975533966416522,0.11162931812140253
2007-09-07,100,104.02537695655259,1.4142135623730951,36,1.9029764154106932,0.08329745829213853
2007-09-14,100,103.83654192768375,1.4142135623730951,23,1.15704409964116,0.07649776381364626
2007-09-21,100,103.47523530287232,1.4142135623730951,33,1.6838910692280251,0.09508692688646192
2007-09-28,100,104.20693551827878,1.4142135623730951,40,1.932102096653106,0.11061220611088174
2007-10-05,100,104.64962009085099,1.4142135623730951,38,1.9642016962281863,0.10535151081112415
2007-10-12,100,104.41594502238999,1.4142135623730951,22,1.188231176802944,0.10083552199699364
2007-10-19,100,104.44794568637165,1.4142135623730951,27,1.6332715109545255,0.1068465841654983
2007-10-26,100,105.21817327195483,1.4142135623730951,30,1.622040351170015,0.0989376089930124
2007-11-02,100,106.44020604042834,1.4142135623730951,37,1.9630967643618478,0.12947958036324936
2007-11-09,100,105.49492597637955,1.4142135623730951,26,1.6332022919217108,0.1275156501042517
2007-11-16,100,105.2026645650021,1.4142135623730951,29,1.6027606205995528,0.09987966032247175
2007-11-26,100,105.21545431995227,1.4142135623730951,27,1.4046106057124548,0.10147561911060132
2007-12-03,100,105.94147175918813,1.4142135623730951,28,1.4715917339664062,0.10130699617666239
2007-12-10,100,106.25703637900274,1.4142135623730951,23,1.191791553120398,0.06715973849772672
2007-12-17,100,106.27465420717887,1.4142135623730951,26,1.283632865826196,0.07845173427125574
2007-12-24,100,105.81982712791499,1.4142135623730951,29,1.2714665730874375,0.07047278551721137
2008-01-02,100,104.64488541077286,1.4142135623730951,21,1.094436195364806,0.08256798620397321
2008-01-09,100,103.41831935385828,1.4142135623730951,21,0.9988033158371841,0.07483162436240387
2008-01-16,100,103.28977458457076,1.4142135623730951,21,1.026759366394426,0.08923477459716
2008-01-24,100,101.77258330979149,1.4142135623730951,21,0.9651512319526133,0.08685292385217169
2008-01-31,100,103.08243635747758,1.4142135623730951,25,1.3708452518298833,0.1377420137320885
2008-02-07,100,102.6634151670017,1.4142135623730951,28,1.523975141100394,0.13893465014156559
2008-02-14,100,102.25044364922111,1.4142135623730951,24,1.2360280395006167,0.0923117624767179
2008-02-22,100,103.93709882642277,1.4142135623730951,27,1.230885822759504,0.1173202906151527
2008-02-29,100,104.69226988897528,1.4142135623730951,22,1.0369799388508276,0.07583555426807742
2008-03-07,100,105.11658642664038,1.4142135623730951,30,1.6085349317786202,0.10937450465708609
2008-03-14,100,104.39165530513962,1.4142135623730951,28,1.4748716586026345,0.09272727288485572
2008-03-24,100,102.7054847060355,1.4142135623730951,31,1.591828232581753,0.08359098753019767
2008-03-31,100,103.68905670868935,1.4142135623730951,29,1.5529289660765744,0.09654339704436277
2008-04-07,100,103.47558857327527,1.4142135623730951,22,1.300725452489944,0.12093599614987771
2008-04-14,100,102.43032272633184,1.4142135623730951,24,1.2275125373873361,0.08435533347671742
2008-04-21,100,102.46735368479709,1.4142135623730951,12,0.6240708446932416,0.08061165011688332
2008-04-28,100,101.99470669096654,1.4142135623730951,10,0.5159492487278136,0.053767741811088565
2008-05-05,100,102.88219015779825,1.4142135623730951,14,0.7631235711447382,0.09510836606540951
2008-05-12,99,87.03326497907814,1.4142135623730951,13,0.7271630409878462,0.10060302272169463
2008-05-19,100,101.8136283584115,1.4142135623730951,16,0.8770166515882515,0.10360005807575234
2008-05-27,100,102.07915612061008,1.4142135623730951,12,0.7311403001019624,0.10317313199524236
2008-06-03,100,102.211095591672,1.4142135623730951,11,0.576212456894146,0.11824421814141828
2008-06-10,100,102.14818577643877,1.4142135623730951,13,0.8878185701431545,0.10495709654372876
2008-06-17,100,103.29446923475506,1.4142135623730951,19,0.9652164845444383,0.11753662251308539
2008-06-24,100,102.37017483918791,1.4142135623730951,18,1.0549492643816794,0.08442434709482027
2008-07-01,100,102.85547929079944,1.4142135623730951,12,0.8947190138823103,0.13059451071073358
2008-07-09,100,102.78668118610858,1.4142135623730951,16,0.8409202936691107,0.10578366843547515
2008-07-16,100,103.37208535848283,1.4142135623730951,16,0.814116437827969,0.07072090313331492
2008-07-23,100,104.20031749227878,1.4142135623730951,10,0.5253166200066393,0.0690563326475101
2008-07-30,100,103.18640290922107,1.4142135623730951,13,0.5572242288113346,0.05657521939704413
2008-08-06,100,103.65785951246264,1.4142135623730951,18,0.8919279706656734,0.07676493251352201
2008-08-13,100,103.10622207334657,1.4142135623730951,22,0.9256679453770007,0.06844590973462106
2008-08-20,100,103.58728765184081,1.4142135623730951,17,0.7925892336406707,0.06885709932055084
2008-08-27,100,102.71060684366644,1.4142135623730951,11,0.5304104240862504,0.061405923709329624
2008-09-04,100,102.493997052136,1.4142135623730951,18,0.843106927488317,0.07207569339604902
2008-09-11,100,103.31644739714709,1.4142135623730951,16,0.9414754778631133,0.10498960489324793
2008-09-18,100,102.03475447059934,1.4142135623730951,17,1.0183958915202356,0.1048490523115283
2008-09-25,100,101.13907770053507,1.4142135623730951,10,0.5120053598193788,0.0974222350341939
2008-10-02,100,97.1270502191993,1.4142135623730951,6,0.38050511010464083,0.09621774259231664
2008-10-09,100,95.17379348586236,1.4142135623730951,7,0.45033223928654,0.07299624724569209
2008-10-16,100,88.63752042567502,1.4142135623730951,10,0.547975720138163,0.08586667919276769
2008-10-23,100,89.10548369783135,1.4142135623730951,6,0.3440838458765453,0.05403803964323617
2008-10-30,100,87.82284321315251,1.4142135623730951,6,0.3168262229396581,0.05888091719792998
2008-11-06,100,88.02694629001788,1.4142135623730951,6,0.37842252926052555,0.03985183788863189
2008-11-13,100,87.82821915271647,1.4142135623730951,8,0.38213970867755764,0.04857966340867492
2008-11-20,100,87.49197303914478,1.4142135623730951,10,0.501526961979914,0.060180198823146513
2008-11-28,100,87.42070408707916,1.4142135623730951,13,0.6432285565885792,0.060051746992394794
2008-12-05,100,86.69058985383582,1.4142135623730951,9,0.5007198068267081,0.054577932099436954
2008-12-12,100,87.0891231282658,1.4142135623730951,11,0.511933136396609,0.07377250960652593
2008-12-19,100,87.00121676031797,1.4142135623730951,11,0.46546228517438126,0.05166179045917063
2008-12-29,100,87.12660361903414,1.4142135623730951,13,0.5397947866743287,0.06881287647338907
2009-01-06,100,87.06570693142453,1.4142135623730951,13,0.6306971394905376,0.05159320209531626
2009-01-13,100,89.10175246222522,1.4142135623730951,9,0.548484297856276,0.07611115468711416
2009-01-21,100,87.88264283790708,1.4142135623730951,15,0.5884480530830455,0.06002421170134731
2009-01-28,100,88.31342261306906,1.4142135623730951,9,0.4857232390184004,0.04967961505310603
2009-02-04,100,89.55269282369676,1.4142135623730951,10,0.5123818107366591,0.0658391213419901
2009-02-11,100,89.51530843858285,1.4142135623730951,8,0.4438058255560632,0.0870856844953718
2009-02-19,100,91.00585343863152,1.4142135623730951,7,0.3944583831055871,0.08531461884618363
2009-02-26,100,91.40612725864266,1.4142135623730951,8,0.5528148103988922,0.10183723212573714
2009-03-05,100,94.00485743360645,1.4142135623730951,7,0.41291663742849816,0.08107645295123977
2009-03-12,100,92.19762322600602,1.4142135623730951,6,0.3199026485815807,0.049734107269375216
2009-03-19,100,91.73671613040962,1.4142135623730951,8,0.460942294425435,0.05270469609037376
2009-03-26,100,90.74105841844013,1.4142135623730951,8,0.4246692433700169,0.050241874887746785
2009-04-02,100,90.4484289576417,1.4142135623730951,11,0.466825349587247,0.05783449190368606
2009-04-09,100,90.46940254090089,1.4142135623730951,9,0.471994230873782,0.07356938355472831
2009-04-17,100,92.31169873420595,1.4142135623730951,8,0.41145722242878024,0.05008828608040916
2009-04-24,100,91.79903751231497,1.4142135623730951,4,0.21913227827516268,0.04436747992374057
2009-05-01,100,91.42403387450976,1.4142135623730951,9,0.44234156506153355,0.07703227003871249
2009-05-08,100,92.96548402888008,1.4142135623730951,6,0.39785851025081165,0.053730734349356046
2009-05-15,100,93.45991613558104,1.4142135623730951,11,0.5568218969651838,0.08359061593206618
2009-05-22,100,94.71816767075308,1.4142135623730951,11,0.5023971926869055,0.08188490519493641
2009-06-01,100,95.23413592730313,1.4142135623730951,7,0.4007729279628883,0.06458581660581353
2009-06-08,100,97.22066157334683,1.4142135623730951,12,0.6416883174125324,0.07592810156369789
2009-06-15,100,96.97989494540911,1.4142135623730951,10,0.47849997914048703,0.06252723827754136
2009-06-22,100,98.93499412389497,1.4142135623730951,12,0.6748080737366402,0.14542477083587846
2009-06-29,100,100.10010856792506,1.4142135623730951,17,1.1805355994377924,0.10836765472001786
2009-07-07,100,100.75589856812577,1.4142135623730951,18,1.198449340292245,0.13285465164274202
2009-07-14,100,100.62741462003,1.4142135623730951,15,0.9186319701474659,0.16268932016141924
2009-07-21,100,100.5346184686663,1.4142135623730951,18,1.123040942338699,0.15073685470118037
2009-07-28,100,100.24961681746817,1.4142135623730951,17,0.9650439915869332,0.11035504333608204
2009-08-04,100,100.41474821974593,1.4142135623730951,13,0.8214253818972118,0.09400085778194966
2009-08-11,99,75.75553229018136,1.4142135623730951,17,1.2166981277707019,0.1600349805044866
2009-08-18,100,94.6597671638666,1.4142135623730951,28,1.8207682951599573,0.13507578648727214
2009-08-25,100,99.61791174989116,1.4142135623730951,25,1.2679953490459956,0.16472484363159134
2009-09-01,100,99.51638289157438,1.4142135623730951,26,1.4735785412461466,0.10735629918106337
2009-09-09,100,100.52948314866286,1.4142135623730951,14,0.9640207459836422,0.1403350770935926
2009-09-16,100,103.06829084154305,1.4142135623730951,25,1.4868368672014842,0.10989331685994053
2009-09-23,100,102.81746436532072,1.4142135623730951,16,0.8946657909522092,0.12319486374274113
2009-09-30,100,104.78837645047453,1.4142135623730951,23,1.3291519748405347,0.12308228846884162
2009-10-07,100,102.70947994919432,1.4142135623730951,19,0.8014196319628661,0.07206763680087458
2009-10-14,100,100.2414237336649,1.4142135623730951,33,2.263017964597898,0.19283921105395285
2009-10-21,100,102.60796351252458,1.4142135623730951,25,1.4133115870624946,0.1669084636677205
2009-10-28,100,101.35598418031556,1.4142135623730951,20,1.057992808962171,0.13603805208524633
2009-11-04,100,101.08883004194233,1.4142135623730951,16,0.8450353619517997,0.1131183474216001
2009-11-11,100,101.48708069990093,1.4142135623730951,14,0.7676803395963752,0.10059248285531863
2009-11-18,100,100.87234794407084,1.4142135623730951,12,0.6250278343327432,0.08043219298314885
2009-11-25,100,100.70968968929704,1.4142135623730951,10,0.597930582696986,0.09809912102993823
2009-12-03,100,100.76145931697226,1.4142135623730951,17,0.9116082284899132,0.10681791626930481
2009-12-10,100,100.34531850196369,1.4142135623730951,10,0.5600789618527504,0.07962049624929168
2009-12-17,100,100.3296096952692,1.4142135623730951,21,0.9189823570339403,0.0793967920740637
2009-12-24,100,100.2260341338675,1.4142135623730951,18,0.8185077920451946,0.11026760970459715
2010-01-04,100,101.60446207106469,1.4142135623730951,19,0.8454545442573856,0.06833805796865833
2010-01-11,100,99.47528229717992,1.4142135623730951,25,2.0142535785999542,0.2651873976007041
2010-01-19,100,101.61606285591547,1.4142135623730951,18,1.130124342993967,0.08867893478527267
2010-01-26,100,101.31289576490995,1.4142135623730951,18,0.9320071511113982,0.09420476473015738
2010-02-02,100,101.78437392033427,1.4142135623730951,13,0.7661919348466988,0.07363939683756582
2010-02-09,100,101.51281622329387,1.4142135623730951,24,1.2036359965007477,0.09872662007190924
2010-02-17,100,101.55669009008435,1.4142135623730951,27,1.345491534858144,0.08996877222702471
2010-02-24,100,102.3346316433936,1.4142135623730951,23,1.1171483810832064,0.07812936119478675
2010-03-03,100,102.95043565464253,1.4142135623730951,16,0.7737304728801376,0.05927479878601449
2010-03-10,100,102.27229893467742,1.4142135623730951,24,1.1814915388770708,0.10260518152468578
2010-03-17,100,102.32519027372047,1.4142135623730951,25,1.1865879934702708,0.09285332348774755
2010-03-24,100,101.88811412567154,1.4142135623730951,27,1.3858939292177794,0.08228438715661479
2010-03-31,100,102.52257012147274,1.4142135623730951,27,1.3491221276585028,0.0824934408762652
2010-04-08,100,101.1311714778795,1.4142135623730951,16,1.0890530531157323,0.10938429593322074
2010-04-15,100,101.58552216391807,1.4142135623730951,20,0.8337331079308565,0.09460859107144248
2010-04-22,100,103.82367814120376,1.4142135623730951,17,1.0276537241090848,0.08628534005400368
2010-04-29,100,103.22052182915796,1.4142135623730951,29,1.4853589379043242,0.13272379262208822
2010-05-06,100,99.59148808091854,1.4142135623730951,19,0.9367309485221742,0.08674472726683291
2010-05-13,100,95.2083549195891,1.4142135623730951,12,0.5863178835798569,0.054634104387763505
2010-05-20,100,91.25168866429503,1.4142135623730951,8,0.4465623924886407,0.03671806341345629
2010-05-27,100,89.69753359521518,1.4142135623730951,8,0.44310075148038086,0.08894370989770894
2010-06-04,100,87.09865417792777,1.4142135623730951,8,0.33600313929889136,0.055533214901717254
2010-06-11,100,86.12571112083745,1.4142135623730951,0,0.05943302894344704,0.01932481400409858
2010-06-18,100,85.42294683807016,1.4142135623730951,0,0.05552498646818238,0.018837498031110567
2010-06-25,100,85.07947035187836,1.4142135623730951,1,0.06282799995240951,0.0269378829834912
2010-07-02,100,83.49805660369728,1.4142135623730951,1,0.16049468602567118,0.06805082744536006
2010-07-12,100,83.2615344779439,1.4142135623730951,3,0.15540001079213694,0.04284122087300646
2010-07-19,100,82.3170329480668,1.4142135623730951,1,0.043945351639119556,0.020215035456407682
2010-07-26,100,82.16081924376171,1.4142135623730951,2,0.08786236680262982,0.040400492542970845
2010-08-02,100,83.4493821227538,1.4142135623730951,4,0.10471372805405921,0.028628799082552447
2010-08-09,100,86.05758472636107,1.4142135623730951,4,0.147423201511641,0.03496029944252532
2010-08-16,100,77.3346065291463,1.4142135623730951,8,0.4108832179309632,0.10438207016784229
2010-08-23,100,84.8474931529305,1.4142135623730951,8,0.36333437239994937,0.0547908058124188
2010-08-30,100,89.2283809838546,1.4142135623730951,4,0.2524892513040725,0.06676264070623472
2010-09-07,100,88.30020564973584,1.4142135623730951,10,0.47444634809631203,0.05798417352972396
2010-09-14,100,89.26998643722337,1.4142135623730951,6,0.23669010883862585,0.03460551546404267
2010-09-21,100,90.2346646508431,1.4142135623730951,6,0.2587585222902513,0.05790970058480949
2010-09-28,100,91.07286906968956,1.4142135623730951,4,0.2290491347863579,0.03688015196885208
2010-10-05,100,91.72327112356406,1.4142135623730951,8,0.36918687230143854,0.06292853097561324
2010-10-12,100,93.76210256942328,1.4142135623730951,13,0.6686398873953715,0.09862328488757677
2010-10-19,100,95.08669221157547,1.4142135623730951,14,0.6518556194284867,0.06393072019409451
2010-10-26,100,95.57744791710529,1.4142135623730951,16,0.7165895451870206,0.0742909282565204
2010-11-02,100,96.00483517213036,1.4142135623730951,11,0.6768392492202426,0.12413791604880087
2010-11-09,100,98.29977197087416,1.4142135623730951,18,0.9456051528524516,0.13257361903795095
2010-11-16,100,98.76698991900886,1.4142135623730951,16,0.6625357424460044,0.09643274066621466
2010-11-23,100,100.41285043728936,1.4142135623730951,18,0.7548625327737094,0.08575394672148151
2010-12-01,100,101.22046052496155,1.4142135623730951,11,0.678678281140409,0.08071929159987623
2010-12-08,100,101.72596901698697,1.4142135623730951,13,0.5653047297186481,0.06497870529687899
2010-12-15,100,102.57506476903463,1.4142135623730951,14,0.7467588396073342,0.07140465914315886
2010-12-22,100,104.85500419914929,1.4142135623730951,13,0.767873577691324,0.11471244307204498
2010-12-30,100,105.30466139051262,1.4142135623730951,18,0.9583516161182565,0.08384038212318012
2011-01-06,100,104.81493620323887,1.4142135623730951,17,1.0934046980186714,0.08946448327911072
2011-01-13,100,106.26713867300252,1.4142135623730951,21,1.1956700922563328,0.09272514192408399
2011-01-21,100,105.93626743286241,1.4142135623730951,27,1.3219748959670623,0.08110646253906739
2011-01-28,100,103.72103883790561,1.4142135623730951,19,1.0146519216369514,0.09095140225924869
2011-02-04,100,103.71231286870331,1.4142135623730951,27,1.2708607443377167,0.09558963801770426
2011-02-11,100,105.55956247311052,1.4142135623730951,23,1.2261744694841223,0.09091376342063584
2011-02-18,100,106.69030926531158,1.4142135623730951,30,1.423222837951418,0.08912275526438873
2011-02-28,100,106.36009824222506,1.4142135623730951,36,1.7229427123488126,0.07701952068689
2011-03-07,100,103.92641947273954,1.4142135623730951,27,1.4214712076299005,0.07398409746605783
2011-03-14,100,102.13868521304504,1.4142135623730951,17,0.9163232462115503,0.08716644927920825
2011-03-21,100,100.36494840532495,1.4142135623730951,13,0.718281059877688,0.08512874196943132
2011-03-28,100,100.65918004959929,1.4142135623730951,15,0.7816349620883689,0.0924872707270269
2011-04-04,100,100.51833854989056,1.4142135623730951,14,0.6192087387167446,0.07671770755864005
2011-04-11,100,100.38778643873228,1.4142135623730951,13,0.6928081773429755,0.0780207945790109
2011-04-18,100,100.10288005848416,1.4142135623730951,16,0.666311777498137,0.05625490696266777
2011-04-26,100,100.48472119916418,1.4142135623730951,12,0.5585928444396009,0.08332045505815411
2011-05-03,100,100.82788538735849,1.4142135623730951,13,0.7300370863914253,0.08845421634396877
2011-05-10,100,100.11331593069215,1.4142135623730951,10,0.5877800339243322,0.10151051430631464
2011-05-17,100,99.23275358289793,1.4142135623730951,9,0.5066257414371708,0.09178450866875165
2011-05-24,100,100.90931652642472,1.4142135623730951,14,0.6791970070831159,0.0676436870572793
2011-06-01,100,101.5738370026793,1.4142135623730951,15,0.8400307304341728,0.08407208605086114
2011-06-08,100,101.40252291880887,1.4142135623730951,14,0.7983704819965309,0.08143786011246879
2011-06-15,100,100.74253849722372,1.4142135623730951,20,0.9465824416652647,0.06415085131000375
2011-06-22,100,99.4748671632121,1.4142135623730951,15,0.7519288429222035,0.078710457019454
2011-06-29,100,99.1142471656779,1.4142135623730951,14,0.6932152998566686,0.09093223298483344
2011-07-07,100,98.24054752921407,1.4142135623730951,13,0.6431905835636014,0.04735502179581097
2011-07-14,100,97.23274633508775,1.4142135623730951,13,0.734101567388357,0.08716078721647613
2011-07-21,100,96.96507703623378,1.4142135623730951,21,0.9794908472445064,0.06854924562019293
2011-07-28,100,95.65249329650953,1.4142135623730951,19,0.8756058166407252,0.09750246979065014
2011-08-04,100,90.54343894735081,1.4142135623730951,9,0.542582781992131,0.08106448145628209
2011-08-11,100,80.89455331093636,1.4142135623730951,6,0.3517229769697695,0.03263179474556177
2011-08-18,100,79.47111261807943,1.4142135623730951,10,0.46430151853999524,0.05337125823662703
2011-08-25,100,79.48240682169278,1.4142135623730951,10,0.46769309909130286,0.05353679310577253
2011-09-01,100,78.36005588606922,1.4142135623730951,5,0.2714872424336533,0.05587938832273609
2011-09-09,100,78.02775390427354,1.4142135623730951,5,0.23526603934176693,0.037648461672639355
2011-09-16,100,78.58699372912344,1.4142135623730951,6,0.3171554881396711,0.037814885410986765
2011-09-23,100,78.58925512582748,1.4142135623730951,2,0.2631363291990888,0.04045406428832454
2011-09-30,100,78.97381929656393,1.4142135623730951,2,0.2455117676494103,0.028864534899502248
2011-10-07,100,78.67116359331224,1.4142135623730951,5,0.24778115392220423,0.027363069216248537
2011-10-14,100,77.87016204309732,1.4142135623730951,6,0.2938888727354634,0.036071783209513375
2011-10-21,100,77.67701660201969,1.4142135623730951,9,0.3809169453267622,0.03817205768816623
2011-10-28,100,79.21599792245118,1.4142135623730951,6,0.29604100908602954,0.046793432404728885
2011-11-04,100,83.48673702864122,1.4142135623730951,5,0.2745861742001524,0.05553136872576969
2011-11-11,100,83.90828762391683,1.4142135623730951,5,0.25761746714765055,0.042486021320395806
2011-11-18,100,84.19998747258023,1.4142135623730951,5,0.3724404158027719,0.06440195923384429
2011-11-28,100,84.45702765450169,1.4142135623730951,7,0.3897764627406063,0.07122818108317808
2011-12-05,100,84.62730794434921,1.4142135623730951,6,0.3176886469580046,0.04722367898326385
2011-12-12,100,84.18591445273603,1.4142135623730951,6,0.3727216566277822,0.05881277777267557
2011-12-19,100,84.53594106792607,1.4142135623730951,7,0.3990623079603791,0.057948843771190695
2011-12-27,100,84.65487292614051,1.4142135623730951,7,0.3745102647364953,0.07464692730826572
2012-01-04,100,85.46207409130501,1.4142135623730951,4,0.2482671790828792,0.054960193941730684
2012-01-11,100,86.29659106656405,1.4142135623730951,9,0.36734553425439687,0.06125317590591872
2012-01-19,100,86.88966151282705,1.4142135623730951,5,0.19353265387515095,0.0374987480296487
2012-01-26,100,87.98874198703898,1.4142135623730951,6,0.28048009771492743,0.057397301550599744
2012-02-02,100,90.20523567779848,1.4142135623730951,3,0.26132854580481846,0.04920238565418855
2012-02-09,100,92.27421760726612,1.4142135623730951,6,0.29686440142910464,0.06355621933242028
2012-02-16,100,93.27546896602452,1.4142135623730951,12,0.44256093209821834,0.0467802421589848
2012-02-24,100,97.34458103694408,1.4142135623730951,14,0.6804218236949662,0.058133913429780804
2012-03-02,100,100.65968806916142,1.4142135623730951,21,0.9846053904487657,0.09327742486569002
2012-03-09,100,101.77487755646332,1.4142135623730951,22,1.0783739256800393,0.0814354354677117
2012-03-16,100,103.07836217642591,1.4142135623730951,22,1.2209519958971098,0.09345586712824261
2012-03-23,100,106.00415510221062,1.4142135623730951,24,1.4526371480966882,0.1030173326307966
2012-03-30,100,106.74185298731743,1.4142135623730951,28,1.585361131353829,0.13002803163494825
2012-04-09,100,104.83494627218242,1.4142135623730951,23,1.1643039126597352,0.113165136605901
2012-04-16,100,103.39258652906922,1.4142135623730951,26,1.4429693210118635,0.1195984838416917
2012-04-23,100,101.8255875622411,1.4142135623730951,22,1.180853468193263,0.08213118347624992
2012-04-30,100,101.0118435163841,1.4142135623730951,30,1.4336472333733359,0.0983634523853103
2012-05-07,100,100.72765939202009,1.4142135623730951,32,1.7485675520489319,0.11784170634791502
2012-05-14,100,101.13165288151609,1.4142135623730951,30,1.6623111927028713,0.10358284772732373
2012-05-21,100,97.58848350255109,1.4142135623730951,20,1.0190040725701064,0.09418273467935512
2012-05-29,100,97.05837658804086,1.4142135623730951,14,0.8748838028832632,0.10401080095048498
2012-06-05,100,96.38880848786786,1.4142135623730951,18,0.9928388082164625,0.13397049179718046
2012-06-12,100,94.81358786017313,1.4142135623730951,12,0.6645092017850538,0.0743911811991882
2012-06-19,100,93.64859302565851,1.4142135623730951,12,0.582533940582838,0.06790280193792453
2012-06-26,100,92.45982269690444,1.4142135623730951,12,0.6123796402680827,0.0618245938438422
2012-07-03,100,91.92975172319888,1.4142135623730951,11,0.5099565580341784,0.0621367965327021
2012-07-11,100,93.1692422724209,1.4142135623730951,8,0.5073017513116753,0.06996163628762808
2012-07-18,100,92.9155652943766,1.4142135623730951,10,0.4829357499934437,0.07395840158217526
2012-07-25,100,83.1852137761554,1.4142135623730951,18,1.134376930259942,0.09381381351249152
2012-08-01,100,91.64156083307013,1.4142135623730951,12,0.6168619816834982,0.09957399223918106
2012-08-08,100,91.34372506298565,1.4142135623730951,6,0.42228955882089514,0.07034097074617995
2012-08-15,100,92.89412895085862,1.4142135623730951,11,0.47517411685993727,0.0650302479636663
2012-08-22,100,92.9115451997878,1.4142135623730951,10,0.41760018992229164,0.05716309084132731
2012-08-29,100,94.82937376893848,1.4142135623730951,14,0.5950776021242218,0.05711639332734508
2012-09-06,100,95.26518311498073,1.4142135623730951,13,0.5702640856619888,0.06035342852603598
2012-09-13,100,95.99898149770772,1.4142135623730951,18,0.7918115428842788,0.07657317157310572
2012-09-20,100,99.21112140032419,1.4142135623730951,15,0.7075009711417927,0.09299540171807352
2012-09-27,100,100.83815792899631,1.4142135623730951,17,0.8971545589274013,0.0920315061728707
2012-10-04,100,101.81845636054808,1.4142135623730951,19,0.8994049514945692,0.07881483163751779
2012-10-11,100,101.47091012804194,1.4142135623730951,17,0.8604916800464127,0.08545471465925947
2012-10-18,100,88.03247532108534,1.4142135623730951,41,3.0238636099900833,0.34958449915175815
2012-10-25,100,100.35859302665942,1.4142135623730951,32,2.618270108063312,0.19190057405477923
2012-11-05,100,101.70923943764342,1.4142135623730951,39,2.3484772990105647,0.128502036614923
2012-11-12,100,101.15350443957959,1.4142135623730951,30,1.8992878704708098,0.11754270202521166
2012-11-19,100,100.44773322701279,1.4142135623730951,25,1.2506557373264622,0.1265103965243043
2012-11-27,100,99.87271831874035,1.4142135623730951,26,1.4769077209003454,0.14880177334947142
2012-12-04,100,102.01464405304311,1.4142135623730951,18,1.1892301792753082,0.10240964085922921
2012-12-11,100,102.14670839264217,1.4142135623730951,26,1.3864324617419936,0.09755955581710096
2012-12-18,100,101.56762664669931,1.4142135623730951,24,1.2238953265679733,0.08957272637619873
2012-12-26,100,102.32613866130403,1.4142135623730951,28,1.5015914204427159,0.10268155081163033
2013-01-03,100,98.50789360101206,1.4142135623730951,28,1.3562841269243495,0.10047557957799769
2013-01-10,100,99.22710199565584,1.4142135623730951,31,1.6023191276892468,0.08979218481664164
2013-01-17,100,98.94074114707438,1.4142135623730951,25,1.2967061250330552,0.09242685163157449
2013-01-25,100,100.33373351151508,1.4142135623730951,27,1.5748371587957277,0.09494165518395004
2013-02-01,100,100.82364133406205,1.4142135623730951,22,1.1035924249986482,0.08621355927245233
2013-02-08,100,101.68313701074628,1.4142135623730951,23,1.0184767874492622,0.09425696740718514
2013-02-15,100,103.26745936739572,1.4142135623730951,27,1.6407390712604073,0.09701353804319823
2013-02-25,100,101.29644098549599,1.4142135623730951,22,1.199108480928751,0.0955128107404053
2013-03-04,100,100.68989169048166,1.4142135623730951,20,1.144993576744181,0.09789230188010434
2013-03-11,100,100.56094824048031,1.4142135623730951,21,1.0546826866145773,0.09714245126245369
2013-03-18,100,100.97257106329408,1.4142135623730951,21,1.0992573999354747,0.0771369399896571
2013-03-25,100,101.47797669336667,1.4142135623730951,23,1.0219303801791408,0.08041891419647018
2013-04-02,100,105.29575134451363,1.4142135623730951,35,1.7602965515526512,0.10393224475040674
2013-04-09,100,103.94505574682638,1.4142135623730951,30,1.4201797823704423,0.07793389205003609
2013-04-16,100,100.20272175911795,1.4142135623730951,15,0.7647804959694788,0.05640410989644207
2013-04-23,100,98.99721924580317,1.4142135623730951,20,0.9389145817014919,0.08191301504051296
2013-04-30,100,99.63734118711105,1.4142135623730951,17,0.8947554356381995,0.07492122042862182
2013-05-07,100,99.45526145764119,1.4142135623730951,23,0.9713036005478157,0.057785913347397355
2013-05-14,100,99.43051709394757,1.4142135623730951,15,0.7835749430370821,0.05986845970720356
2013-05-21,100,100.78161443485936,1.4142135623730951,20,1.043084618447205,0.07871579429025355
2013-05-29,100,100.11165497200561,1.4142135623730951,22,1.1370782097904035,0.09290926966692314
2013-06-05,100,99.61031924746152,1.4142135623730951,23,1.073482619053778,0.07888570592534139
2013-06-12,100,98.59397991717266,1.4142135623730951,19,0.8845925345445004,0.07656481617307065
2013-06-19,100,97.16271803171138,1.4142135623730951,13,0.6487019228154531,0.08763710741188235
2013-06-26,100,95.67285416034031,1.4142135623730951,14,0.6239049711524194,0.05980181130628426
2013-07-03,100,95.72410262576265,1.4142135623730951,25,2.21543425845512,0.31247702706154634
2013-07-11,100,98.49162807113126,1.4142135623730951,22,1.2662547422028028,0.12964958044883068
2013-07-18,100,99.61886003603398,1.4142135623730951,23,1.4988998975077852,0.12922937622644914
2013-07-25,100,98.1391602654433,1.4142135623730951,26,1.2272174140813499,0.07752876628531236
2013-08-01,100,98.8383219324265,1.4142135623730951,26,1.2150040142404213,0.07064802933175907
2013-08-08,100,98.71432762272028,1.4142135623730951,29,1.3232748973267625,0.07933873216780096
2013-08-15,100,97.62425304421822,1.4142135623730951,19,0.9688268760253759,0.11028024234954525
2013-08-22,100,97.45496160330242,1.4142135623730951,25,1.2794183561699402,0.08254956960893134
2013-08-29,100,96.67620639477886,1.4142135623730951,17,1.031496762533295,0.10124583033017476
2013-09-06,100,97.4183638180383,1.4142135623730951,25,1.2933962959416843,0.10702901103292684
2013-09-13,100,98.17596029137857,1.4142135623730951,16,1.05484267358361,0.10145347258279647
2013-09-20,100,101.76656922774427,1.4142135623730951,41,2.095054358030902,0.11048631044150481
2013-09-27,100,101.45824429334024,1.4142135623730951,31,1.7569172592375881,0.12770878001983443
2013-10-04,100,102.3846323156084,1.4142135623730951,38,1.929674975089533,0.13523514379648294
2013-10-11,100,99.0533777826674,1.4142135623730951,31,1.5506563512155236,0.13384171563366576
2013-10-18,100,97.99930542897066,1.4142135623730951,23,1.1467361702870273,0.07242985901319798
2013-10-25,100,97.73382596882121,1.4142135623730951,18,0.9573827355381067,0.08441520750477582
2013-11-01,100,99.52257555877387,1.4142135623730951,31,1.6904629359115146,0.12334185477031812
2013-11-08,100,100.07071067529836,1.4142135623730951,23,1.3164474021989911,0.1083540100505831
2013-11-15,100,100.9264082283221,1.4142135623730951,24,1.3016591718166926,0.10921201314669782
2013-11-22,100,101.63462297559889,1.4142135623730951,30,1.5761550424611679,0.08332106131676698
2013-12-02,100,102.45841813879302,1.4142135623730951,35,1.7500823795793787,0.12359309346531577
2013-12-09,100,103.18973966406963,1.4142135623730951,31,1.5397756821196442,0.09622382119721506
2013-12-16,100,103.27193243215277,1.4142135623730951,43,2.1423811715459653,0.08570445876190413
2013-12-23,100,103.41372817337326,1.4142135623730951,38,1.8328195252471646,0.08906271102452601
2013-12-31,100,103.358793901701,1.4142135623730951,32,1.6971818850384395,0.10841168044277538
2014-01-08,100,105.55453550454394,1.4142135623730951,36,2.0293465897612006,0.11166756498307762
2014-01-15,100,104.84431844157854,1.4142135623730951,27,1.5372299771319864,0.1084453282880089
2014-01-23,100,104.41624763485926,1.4142135623730951,31,1.5346533218056744,0.08929955731671901
2014-01-30,100,100.63000716527868,1.4142135623730951,20,1.0630377019891095,0.11862068102362511
2014-02-06,100,99.55293257813514,1.4142135623730951,24,1.1705849687530536,0.07628855197860984
2014-02-13,100,98.79117092701723,1.4142135623730951,22,1.061569896962061,0.06950310942304194
2014-02-21,100,99.37056562758154,1.4142135623730951,26,1.3453509129837153,0.09112294201781557
2014-02-28,100,99.55804768800755,1.4142135623730951,35,1.8505180494378226,0.11792912397718691
2014-03-07,100,98.66057830744114,1.4142135623730951,25,1.418092038541479,0.10495181569629275
2014-03-14,100,98.25674707224111,1.4142135623730951,28,1.2726708309867096,0.09263801731352395
2014-03-21,100,97.78104522339679,1.4142135623730951,32,1.748532713214555,0.11890094272435825
2014-03-28,100,98.05183368916651,1.4142135623730951,31,1.5897919628824455,0.10500336369295327
2014-04-04,100,97.10928230018278,1.4142135623730951,22,1.3519903219488727,0.10601587528855849
2014-04-11,101,94.74064241030047,1.4142135623730951,21,0.905776230815367,0.0730272227441896
2014-04-21,101,93.85099056613156,1.4142135623730951,24,1.10490200553311,0.10588496009128812
2014-04-28,101,95.03842365319632,1.4142135623730951,17,1.1555923731987179,0.1141327265776555
2014-05-05,101,96.97028118227088,1.4142135623730951,23,1.2295278904152016,0.09815689618622159
2014-05-12,101,96.40837872683377,1.4142135623730951,24,1.364415700571762,0.12808184589765093
2014-05-19,101,95.86309157105084,1.4142135623730951,28,1.5210937630147148,0.10936152356182616
2014-05-27,101,94.6476576543264,1.4142135623730951,25,1.3391167720238677,0.1294742115676505
2014-06-03,101,95.34405100606944,1.4142135623730951,27,1.4576785145258973,0.10430535330538071
2014-06-10,101,95.97485698393474,1.4142135623730951,27,1.4655212341267354,0.0935237934415909
2014-06-17,101,96.01135012566954,1.4142135623730951,22,1.566001272799205,0.15216907784429778
2014-06-24,101,96.87061910018694,1.4142135623730951,25,1.691782095241083,0.15343319432778502
2014-07-01,101,98.64683904142112,1.4142135623730951,32,1.9583557200219137,0.15166427538564375
2014-07-09,101,102.76853910200886,1.4142135623730951,43,2.4577584880026824,0.15537615974365604
2014-07-16,101,102.44868899006197,1.4142135623730951,46,2.4462777568767837,0.14328852777022738
2014-07-23,101,102.25966058266073,1.4142135623730951,34,2.2823760835055813,0.15308088702574874
2014-07-30,101,101.9019221974909,1.4142135623730951,38,2.4890668186299725,0.16035977291688175
2014-08-06,101,102.06130579685899,1.4142135623730951,37,2.0857576216877582,0.14191022743374804
2014-08-13,101,101.5769625520343,1.4142135623730951,33,1.7446313549784018,0.13181457271782904
2014-08-20,101,102.43219257656968,1.4142135623730951,30,1.8109204907835468,0.13854890053334556
2014-08-27,101,101.67981265131041,1.4142135623730951,27,1.5078075591787643,0.14350342404586103
2014-09-04,101,101.52290414860906,1.4142135623730951,36,2.0600795757889707,0.16519164618791238
2014-09-11,101,101.38708149429694,1.4142135623730951,35,2.1926186954742457,0.16461461756243612
2014-09-18,101,100.37475025945432,1.4142135623730951,34,1.818427241304432,0.10117816483185571
2014-09-25,101,98.21825256092242,1.4142135623730951,33,1.9183150523923715,0.15732258874502625
2014-10-02,101,98.69811670373878,1.4142135623730951,34,1.548445200825567,0.12986906902154405
2014-10-09,101,94.70167081872309,1.4142135623730951,24,1.2926067925836775,0.11300158067430832
2014-10-16,101,92.93282790042574,1.4142135623730951,19,1.2323022837999182,0.11645962722178393
2014-10-23,101,89.99703066007466,1.4142135623730951,17,1.1229408532180756,0.13265257199209302
2014-10-30,101,90.93244804871198,1.4142135623730951,19,1.0707209318487694,0.10594993644379713
2014-11-06,101,91.81672123718621,1.4142135623730951,21,1.0852111208245663,0.10114833764005016
2014-11-13,101,92.32363161008065,1.4142135623730951,24,1.2894499652317477,0.11187977951006178
2014-11-20,101,91.84683203965784,1.4142135623730951,27,1.343491686795808,0.11337176560713247
2014-11-28,101,92.08342661312922,1.4142135623730951,21,1.1611262292852906,0.10997296349481234
2014-12-05,101,93.16963559114723,1.4142135623730951,24,1.335814138229524,0.09119139668285203
2014-12-12,101,93.07273697938322,1.4142135623730951,22,1.2121072507796244,0.09333973079337432
2014-12-19,101,92.69558171264092,1.4142135623730951,24,1.520820619794769,0.10633741112853268
2014-12-29,101,92.86327574653212,1.4142135623730951,23,1.2674365133891445,0.12648205639406518
2015-01-06,101,93.9563340627237,1.4142135623730951,25,1.474930127558586,0.12897411838262707
2015-01-13,101,94.12441439396257,1.4142135623730951,22,1.5416347639445664,0.1260075345682875
2015-01-21,101,96.18745550145151,1.4142135623730951,30,1.7040360200248879,0.10983113102866549
2015-01-28,101,95.14465778091184,1.4142135623730951,30,1.709520949305768,0.09406806589890704
2015-02-04,101,94.95201560325798,1.4142135623730951,26,1.5710525439474918,0.10662267815549109
2015-02-11,101,94.83269158614547,1.4142135623730951,32,1.683149939023442,0.0916977763863549
2015-02-19,101,95.2826525001234,1.4142135623730951,36,1.6809757753951706,0.08990927439951069
2015-02-26,101,95.38348775535513,1.4142135623730951,33,1.730299335291021,0.10428281597340627
2015-03-05,101,94.87291264511067,1.4142135623730951,27,1.491202511102514,0.1383292110612413
2015-03-12,101,94.89560996179705,1.4142135623730951,23,1.4310393396815995,0.1175818079447759
2015-03-19,101,95.7076857463728,1.4142135623730951,31,1.6087228551720785,0.09819218285133569
2015-03-26,101,95.02061548325369,1.4142135623730951,20,1.1248185405846736,0.09847713254842738
2015-04-02,101,96.27837883209341,1.4142135623730951,22,1.1528767605478962,0.09114763682946747
2015-04-10,101,97.48153798603315,1.4142135623730951,28,1.4384600621465222,0.12632525460083122
2015-04-17,101,97.13651365583706,1.4142135623730951,21,1.1659388699126219,0.1110382747045573
2015-04-24,101,98.11194669011624,1.4142135623730951,22,0.9914204331781536,0.07342843590852888
2015-05-01,101,98.4727181850067,1.4142135623730951,23,1.3462447653360676,0.09154061969154015
2015-05-08,101,97.89790721942673,1.4142135623730951,22,1.0277407331367918,0.08545665309196471
2015-05-15,101,97.2501309966516,1.4142135623730951,19,1.0991422916633478,0.10192052736557555
2015-05-22,41,44.48973405598636,1.4142135623730951,16,0.833361575273281,0.09161312443410008
2015-06-01,101,95.43335208978168,1.4142135623730951,28,1.6647294909870396,0.1371319693608657
2015-06-08,101,97.17515346040355,1.4142135623730951,21,1.283909969423532,0.1138086901769908
2015-06-15,101,97.1613516873978,1.4142135623730951,24,1.4092325086887307,0.10290844216593298
2015-06-22,101,98.23358765268684,1.4142135623730951,29,1.7216636655188804,0.11147621805210184
2015-06-29,101,95.57791691339477,1.4142135623730951,29,1.424017577614848,0.11884067053086866
2015-07-07,101,95.62081332139502,1.4142135623730951,31,1.3105282907321274,0.10604618651932429
2015-07-14,101,82.25971269624759,1.4142135623730951,30,2.364089360947294,0.26946844377339885
2015-07-21,101,91.84280993134925,1.4142135623730951,32,2.3068454612289866,0.18356216879118048
2015-07-28,101,92.84359292200124,1.4142135623730951,30,1.6060391032274826,0.16941871682614096
2015-08-04,101,96.89193882230605,1.4142135623730951,41,2.2884664549551355,0.12277515459085842
2015-08-11,101,96.01685291607404,1.4142135623730951,35,1.8670177596437563,0.09846643247401665
2015-08-18,101,95.56525474864557,1.4142135623730951,29,1.6008219964497739,0.0936610757765538
2015-08-25,101,87.91151786442487,1.4142135623730951,29,1.3845763474850132,0.09052285131614324
2015-09-01,101,82.42607986628396,1.4142135623730951,18,0.7878700187367688,0.0838955193136226
2015-09-09,101,80.40858607456336,1.4142135623730951,12,0.5673710266720194,0.05113580457475708
2015-09-16,101,80.94420163607052,1.4142135623730951,15,0.5787192096432793,0.059916434555303155
2015-09-23,101,82.10307555373484,1.4142135623730951,10,0.5462424197553563,0.08611701106471992
2015-09-30,101,81.43664534310918,1.4142135623730951,13,0.5651341335609613,0.059318311809888224
2015-10-07,101,82.16848802749938,1.4142135623730951,11,0.5375873735209009,0.06854940269652932
2015-10-14,101,81.51768827807801,1.4142135623730951,11,0.6119975050430593,0.0727898326890366
2015-10-21,101,80.77372293195032,1.4142135623730951,10,0.5141397581431498,0.055632551267076
2015-10-28,101,81.56743486237337,1.4142135623730951,10,0.6535557636326329,0.09824577187330696
2015-11-04,101,81.7971461083615,1.4142135623730951,12,0.561743156946863,0.08489250399765313
2015-11-11,101,83.0674082905146,1.4142135623730951,10,0.5828449799018204,0.06635633085881654
2015-11-18,101,87.13831315088055,1.4142135623730951,16,0.8315371978932476,0.06924707419822274
2015-11-25,101,92.86251395308848,1.4142135623730951,29,1.3861652280687649,0.11856918022301766
2015-12-03,101,95.10964317269362,1.4142135623730951,26,1.4317717024335779,0.08769841628192232
2015-12-10,101,94.4882601752634,1.4142135623730951,30,1.6636861928281501,0.10718601938247685
2015-12-17,101,93.04245355712142,1.4142135623730951,35,1.7181723482808975,0.09965525218958438
2015-12-24,101,94.73449407480251,1.4142135623730951,27,1.448551733748032,0.11166524314206572
2016-01-04,101,92.97392689803871,1.4142135623730951,26,1.2622012168218277,0.07871476844489034
2016-01-11,101,91.70501213021247,1.4142135623730951,22,1.138503809758745,0.07910762139442484
2016-01-19,101,88.43721026023935,1.4142135623730951,25,1.202229570121205,0.08539368425783223
2016-01-26,101,87.55971489606867,1.4142135623730951,17,0.8798348195095468,0.09686397934908364
2016-02-02,101,85.25673939839487,1.4142135623730951,12,0.6389640094116729,0.1125994474938038
2016-02-09,101,85.65689918688282,1.4142135623730951,28,1.1419453623105214,0.055825604724703104
2016-02-17,101,85.13583402841742,1.4142135623730951,18,0.931802192630041,0.07281278441675232
2016-02-24,101,84.78788973052268,1.4142135623730951,27,1.4370381526031555,0.13882729442639186
2016-03-02,101,84.3289080677915,1.4142135623730951,29,1.303530385110882,0.13186448363445857
2016-03-09,101,84.84061267892709,1.4142135623730951,27,1.477587574021929,0.1242989415142165
2016-03-16,101,84.85130330625528,1.4142135623730951,27,1.5343743671220809,0.1280147552408789
2016-03-23,101,85.67442394676681,1.4142135623730951,25,1.3537205424471739,0.10716853827171069
2016-03-31,101,86.55061390768891,1.4142135623730951,30,1.3639069509549602,0.10609730208161128
2016-04-07,101,87.0905703485799,1.4142135623730951,29,1.3144017988606502,0.10302716795800604
2016-04-14,101,88.8030630928409,1.4142135623730951,23,1.4172518503253517,0.16269183283756028
2016-04-21,101,88.94784122674567,1.4142135623730951,20,1.3313123918389598,0.17593708422488985
2016-04-28,101,91.60340777429775,1.4142135623730951,25,1.5228675122530155,0.17681995746787327
2016-05-05,101,94.08294205019213,1.4142135623730951,26,1.6702438090861609,0.15356081703086466
2016-05-12,101,94.78056772901057,1.4142135623730951,29,1.761390391108123,0.0963438026360437
2016-05-19,101,94.65366860166696,1.4142135623730951,33,1.6452665114701852,0.09437600398269286
2016-05-26,101,95.64450403763226,1.4142135623730951,34,1.8666340699879955,0.0887006790129019
2016-06-03,101,95.98514913560085,1.4142135623730951,30,1.7524197346615682,0.14207927988307834
2016-06-10,101,96.05479465713681,1.4142135623730951,29,1.6206861160779316,0.11452944316341895
2016-06-17,101,95.74349302004354,1.4142135623730951,28,1.4551326931729434,0.08379612379196899
2016-06-24,101,89.1148949568224,1.4142135623730951,12,0.5213098745829964,0.0775865569634746
2016-07-01,101,86.00419873602662,1.4142135623730951,10,0.5409559146874817,0.062036701363999525
2016-07-11,101,85.88170814076358,1.4142135623730951,6,0.3850586724085516,0.06963221065400471
2016-07-18,101,86.02861456902089,1.4142135623730951,10,0.5049361890223081,0.0770773725645646
2016-07-25,101,85.55875727808855,1.4142135623730951,6,0.3661135165698084,0.06722409277647778
2016-08-01,101,87.30550565028328,1.4142135623730951,12,0.7118637836637768,0.17611580026160256
2016-08-08,101,87.84465122529062,1.4142135623730951,14,0.8843647220959843,0.1553362988231043
2016-08-15,101,88.15414226890326,1.4142135623730951,11,0.9074454344563652,0.15361474329464997
2016-08-22,101,88.74173263620501,1.4142135623730951,12,0.8506302310814327,0.13893848323254432
2016-08-29,101,88.89701961340646,1.4142135623730951,19,1.2399214288520015,0.12838058526909046
2016-09-06,101,89.20605657591993,1.4142135623730951,20,1.2590763660094177,0.11933047824485676
2016-09-13,101,85.97081794409598,1.4142135623730951,15,0.9394160593517699,0.08425225358397515
2016-09-20,101,91.72164201922863,1.4142135623730951,29,1.503534809849431,0.14697179117943204
2016-09-27,101,88.83671345453882,1.4142135623730951,39,2.504895905915156,0.15016213616764162
2016-10-04,101,95.08026072599054,1.4142135623730951,59,3.3831089670792176,0.1584994257518294
2016-10-11,101,95.84933432582558,1.4142135623730951,39,2.493360034844385,0.11826025514537664
2016-10-18,101,95.6108208513191,1.4142135623730951,28,1.846735957476397,0.12360017160964809
2016-10-25,101,94.01002032212928,1.4142135623730951,22,1.0271487361162053,0.07434326200812591
2016-11-01,101,96.0130483656078,1.4142135623730951,34,1.771014296644312,0.10793532574340836
2016-11-08,101,95.17247214541848,1.4142135623730951,40,1.9553016331289328,0.1160053326470466
2016-11-15,101,93.88775920231102,1.4142135623730951,22,1.0511448949573194,0.07228877046145199
2016-11-22,101,94.12918537978449,1.4142135623730951,21,1.2315896958300632,0.1384491659881244
2016-11-30,101,93.45280630510518,1.4142135623730951,20,1.0469132058110566,0.1283304553087795
2016-12-07,101,95.61133706000354,1.4142135623730951,21,1.5336832172573274,0.1624488402674591
2016-12-14,101,95.94731671567779,1.4142135623730951,18,1.4507506939050936,0.16114879790820513
2016-12-21,101,96.6957139811,1.4142135623730951,32,1.7730903896928485,0.1198173639816349
2016-12-29,101,95.9634441258518,1.4142135623730951,30,1.6557502892699618,0.11711081279562752
2017-01-06,101,96.32475095660867,1.4142135623730951,37,2.09293269922507,0.1348292751941027
2017-01-13,101,96.37776717693232,1.4142135623730951,39,2.194592906141405,0.14021687153715612
2017-01-23,101,96.13674907379698,1.4142135623730951,31,2.114847212952626,0.13763426726836903
2017-01-30,101,95.62488801978078,1.4142135623730951,31,1.8675881145909365,0.11637960734603325
2017-02-06,101,96.59895432923847,1.4142135623730951,38,2.3028761111461966,0.12743057427729232
2017-02-13,101,100.00444294223988,1.4142135623730951,48,2.8510726165361957,0.15454174995270709
2017-02-21,101,100.61791126086484,1.4142135623730951,47,2.7227367808708136,0.12309435050268092
2017-02-28,101,101.84603384196113,1.4142135623730951,62,3.648777182361015,0.13465858723478696
2017-03-07,101,103.99624110975728,1.4142135623730951,60,4.102181389991722,0.15216170977930554
2017-03-14,101,103.65185205856376,1.4142135623730951,54,3.3590115569420407,0.1443697745176995
2017-03-21,101,102.11388573378713,1.4142135623730951,47,2.8586459303984197,0.15551480408446405
2017-03-28,101,103.07162486844362,1.4142135623730951,47,2.864815632910245,0.15413814872704168
2017-04-04,101,103.92582272333505,1.4142135623730951,42,2.572950177701438,0.14736647357715826
2017-04-11,101,103.34293163643795,1.4142135623730951,50,2.7149611414363104,0.12900773361717177
2017-04-19,101,102.65007760109239,1.4142135623730951,46,2.51977528544211,0.14812469083908097
2017-04-26,101,102.74525980479824,1.4142135623730951,60,3.0946985703781555,0.12670421764403783
2017-05-03,101,103.52171624779885,1.4142135623730951,54,2.9800744872724105,0.13307342602776506
2017-05-10,101,102.10438923828124,1.4142135623730951,53,3.1223288121918746,0.14982449969121148
2017-05-17,101,97.63919314454567,1.4142135623730951,34,1.9443955998519145,0.10735623466438149
2017-05-24,101,97.65425366604687,1.4142135623730951,36,2.0039500432009687,0.12479939318445021
2017-06-01,101,98.474732481822,1.4142135623730951,37,2.3420333209681337,0.1276894035131544
2017-06-08,101,98.5260417813722,1.4142135623730951,40,2.2233322433012446,0.13576603147767274
2017-06-15,101,96.71214136556438,1.4142135623730951,33,1.8494383631634954,0.11801962982359815
2017-06-22,101,96.10613109114392,1.4142135623730951,28,1.5897994152329975,0.10324153481379428
2017-06-29,101,92.55924997688592,1.4142135623730951,22,1.3569725348239876,0.11342617705124991
2017-07-07,101,92.10252385452178,1.4142135623730951,26,1.4329612227046118,0.11517427330801788
2017-07-14,101,92.50446969258034,1.4142135623730951,21,1.3264564864863804,0.09610013101564918
2017-07-21,101,93.32430355902954,1.4142135623730951,29,1.802118212120623,0.13989486054499856
2017-07-28,101,94.25564442135004,1.4142135623730951,29,1.6655855728513453,0.1698298039849564
2017-08-04,101,94.96447510120164,1.4142135623730951,29,1.5290018695377636,0.10744886890008742
2017-08-11,101,95.35909777685619,1.4142135623730951,30,1.7662392158150189,0.11690589758411174
2017-08-18,101,93.38725034596526,1.4142135623730951,24,1.2358488227764923,0.0869713056303274
2017-08-25,101,92.4272491784239,1.4142135623730951,24,1.2676069424864318,0.09850311533546607
2017-09-01,101,92.11631145947219,1.4142135623730951,24,1.4512564196178492,0.10312630542992052
2017-09-11,101,93.3097182798735,1.4142135623730951,21,1.2560998671049874,0.13567281144502608
2017-09-18,101,94.24232225452401,1.4142135623730951,22,1.3340234288980546,0.11816492732497452
2017-09-25,101,97.47876081056945,1.4142135623730951,29,1.899911856643994,0.14367776446243785
2017-10-02,101,98.47164268399776,1.4142135623730951,34,2.042491386935942,0.1638062835160652
2017-10-09,101,99.58023729102914,1.4142135623730951,47,2.4332514954761955,0.14597101169045734
2017-10-16,101,99.0503238662911,1.4142135623730951,45,2.599436681895819,0.15536673250217437
2017-10-23,101,99.3810586957211,1.4142135623730951,35,1.9511155784401506,0.1196470692313838
2017-10-30,101,98.31638884627984,1.4142135623730951,33,1.8215758499272936,0.11690872593473012
2017-11-06,101,101.45293027562046,1.4142135623730951,40,2.2676039866062268,0.1293154504567664
2017-11-13,101,104.34255065980722,1.4142135623730951,52,3.0349061868035365,0.1326401413307723
2017-11-20,101,104.59997719311284,1.4142135623730951,53,3.3198395004576664,0.12109155845570707
2017-11-28,101,104.96788516617073,1.4142135623730951,51,3.2331348580389276,0.11837767660709964
2017-12-05,101,102.34388287073148,1.4142135623730951,47,3.132753198566773,0.15400975525090566
2017-12-12,101,102.20344846110028,1.4142135623730951,47,2.9197378269238907,0.11820406182488297
2017-12-19,101,102.06674068714129,1.4142135623730951,48,2.969558587414725,0.16915928521082324
2017-12-27,101,101.61097491084699,1.4142135623730951,38,2.771006125232124,0.1882769898889194
2018-01-04,101,100.23248723915708,1.4142135623730951,45,2.561755903438863,0.14788037367699558
2018-01-11,101,100.41428553194591,1.4142135623730951,39,2.3534956157188796,0.15894905818304617
2018-01-19,101,100.41302510839074,1.4142135623730951,39,2.5910666124280106,0.13116024436361906
2018-01-26,101,100.25438965328584,1.4142135623730951,41,2.279103817448042,0.11560892173646753
2018-02-02,101,99.15721014503403,1.4142135623730951,38,2.154370572650034,0.13753685720843967
2018-02-09,101,90.28697174369456,1.4142135623730951,28,1.4461488192328458,0.09184023073081793
2018-02-16,101,89.78192101346795,1.4142135623730951,22,1.1417476221246372,0.10258771612508655
2018-02-26,101,89.29052892111633,1.4142135623730951,23,1.1817921327102714,0.08912483475710242
2018-03-05,101,89.05966650411861,1.4142135623730951,16,0.7456905367400201,0.06647443444924839
2018-03-12,101,89.38775881898154,1.4142135623730951,17,0.8313226022324914,0.057524447331355644
2018-03-19,101,88.56248021793361,1.4142135623730951,12,0.7038107436920162,0.08093872121333434
2018-03-26,101,85.61164836570703,1.4142135623730951,15,1.2590841670696844,0.22732924359052997
2018-04-03,101,83.47570357693282,1.4142135623730951,10,0.5057854228216555,0.06590340750068091
2018-04-10,101,81.9721211849328,1.4142135623730951,10,0.4774336094700464,0.08808064283943995
2018-04-17,101,81.42649537494728,1.4142135623730951,10,0.41233455734020785,0.08268713020860263
2018-04-24,101,81.51461542227115,1.4142135623730951,8,0.32182421187218346,0.04823159712091918
2018-05-01,101,81.04572965865763,1.4142135623730951,9,0.3628157118189955,0.054144774911077054
2018-05-08,101,86.06798126623166,1.4142135623730951,12,0.5789016519687239,0.09055018997950215
2018-05-15,101,85.9737566208219,1.4142135623730951,15,0.7066482024353301,0.08183597697108047
2018-05-22,101,86.77127903761874,1.4142135623730951,17,0.831715441542742,0.0965128129299131
2018-05-30,101,86.60218632206927,1.4142135623730951,18,0.8506534695147511,0.10603047519004594
2018-06-06,101,86.69227156567726,1.4142135623730951,19,1.0148313073930089,0.08106235665273509
2018-06-13,101,87.25428530832228,1.4142135623730951,21,1.0325588335044769,0.08574388267704691
2018-06-20,101,90.40296528475155,1.4142135623730951,20,1.1925925457547737,0.11287731529238032
2018-06-27,101,92.90072080443733,1.4142135623730951,19,1.1102266947550903,0.09083848208435308
2018-07-05,101,95.2073418124044,1.4142135623730951,20,1.3489399232695682,0.10645908461665321
2018-07-12,101,94.5519430641171,1.4142135623730951,20,1.3082091445625892,0.13320399962731
2018-07-19,101,95.83830360706851,1.4142135623730951,18,0.9655996485535169,0.10348268907783198
2018-07-26,101,96.53762563797314,1.4142135623730951,27,1.6647031137238564,0.1237196911115569
2018-08-02,100,84.95338237238809,1.4142135623730951,23,2.0464054912663237,0.18682177658439258
2018-08-09,101,93.31041349603795,1.4142135623730951,30,2.3517322607155116,0.1843181946926995
2018-08-16,101,94.00788640520292,1.4142135623730951,33,2.144597122830125,0.14984101410816086
2018-08-23,101,94.79061623770788,1.4142135623730951,34,1.913238331765445,0.12982977610736768
2018-08-30,101,95.88627496205014,1.4142135623730951,36,2.3070312977197918,0.13235518411223013
2018-09-07,101,95.89054944645623,1.4142135623730951,33,1.787669338465613,0.1149252240513634
2018-09-14,101,96.04989104540078,1.4142135623730951,40,2.136012841587139,0.14522808007672405
2018-09-21,101,97.43736902944451,1.4142135623730951,38,2.0639345066428856,0.145474998402908
2018-09-28,101,97.12180190544197,1.4142135623730951,39,1.9969419659297278,0.13824738336780795
2018-10-05,101,97.541698684826,1.4142135623730951,38,2.1813523471071146,0.11290604655159697
2018-10-12,101,91.06411786922826,1.4142135623730951,24,1.561155891483999,0.131669216870684
2018-10-19,101,88.64450175861917,1.4142135623730951,19,0.9767705798431378,0.0888975654463875
2018-10-26,101,85.11951862494493,1.4142135623730951,16,0.8302619698622019,0.13266348512502324
2018-11-02,101,84.93468328079666,1.4142135623730951,28,1.3210801060263555,0.12905988892923703
2018-11-09,101,84.90722405874043,1.4142135623730951,24,1.2374972021057153,0.10824146593861506
2018-11-16,101,84.27829230234728,1.4142135623730951,23,1.1442288429485423,0.10034219303341985
2018-11-26,101,83.03627209254043,1.4142135623730951,20,1.0512763043678315,0.08214346501240921
2018-12-03,101,81.83332816084658,1.4142135623730951,20,1.160294151596195,0.10262557456150934
2018-12-11,101,80.31778579734947,1.4142135623730951,23,1.164156163810933,0.09589778264062665
2018-12-18,101,80.2552054751033,1.4142135623730951,21,1.0540522960311436,0.08288624339602435
2018-12-26,101,76.04433470418225,1.4142135623730951,16,0.766500194274097,0.07228662863426971
2019-01-03,101,74.96595462063105,1.4142135623730951,11,0.6797367019247769,0.0838075447736637
2019-01-10,101,75.36811033902443,1.4142135623730951,14,0.804284535729673,0.08818863344211691
2019-01-17,101,75.32197546532734,1.4142135623730951,16,0.7877716255905505,0.07076018797439754
2019-01-25,101,75.9414502615601,1.4142135623730951,12,0.719259976885766,0.07360829554444848
2019-02-01,101,75.1534406477834,1.4142135623730951,16,0.8178512330501757,0.10930720365247415
2019-02-08,101,75.80321993835769,1.4142135623730951,19,0.8931663099806053,0.11017706094132207
2019-02-15,101,75.86082647214846,1.4142135623730951,12,0.6219627775153571,0.09523764885387576
2019-02-25,101,77.83742674579862,1.4142135623730951,15,0.738088842181948,0.0935083057461441
2019-03-04,101,78.09320270983862,1.4142135623730951,13,0.6119953236908988,0.09504461985545642
2019-03-11,101,79.81512733492357,1.4142135623730951,17,0.7493725353169788,0.10807660006104491
2019-03-18,101,80.89411741723872,1.4142135623730951,13,0.8400280062381019,0.1590155255853546
2019-03-25,101,88.109121338234,1.4142135623730951,21,1.2121766443020858,0.12540908971594
2019-04-01,101,89.84885385259497,1.4142135623730951,30,1.616887889864175,0.1395041216146411
2019-04-08,101,92.67993197314895,1.4142135623730951,26,1.5748277140350935,0.12260313075449125
2019-04-15,101,93.17371667333659,1.4142135623730951,25,1.4504096449532504,0.11155753334835627
2019-04-23,101,95.45409334225232,1.4142135623730951,37,2.310026434120446,0.11500220404818706
2019-04-30,101,97.2902277900313,1.4142135623730951,37,2.014040306157824,0.11451503219049974
2019-05-07,101,95.83111440792463,1.4142135623730951,26,1.622646423176274,0.1136951098436878
2019-05-14,101,91.97787034379206,1.4142135623730951,26,1.283285273629995,0.1142717831902873
2019-05-21,101,90.60558287205424,1.4142135623730951,21,1.0654534684545545,0.09744953807121415
2019-05-29,101,89.93168874641464,1.4142135623730951,23,1.2178328589399148,0.1106980375902471
2019-06-05,101,88.4070817422046,1.4142135623730951,22,1.0977399393327558,0.07518320971116788
2019-06-12,101,87.49399914060007,1.4142135623730951,16,0.7586016913503631,0.0752696643655878
2019-06-19,101,83.7208220969694,1.4142135623730951,25,1.6526837389722582,0.13138037792591928
2019-06-26,101,86.23429111352219,1.4142135623730951,34,2.258302591439387,0.19991743187627053
2019-07-03,101,87.80026109457567,1.4142135623730951,27,1.3973469308361637,0.09688337710783546
2019-07-11,101,88.33694295259063,1.4142135623730951,31,1.459806006117165,0.10702296232290764
2019-07-18,101,88.3207541607366,1.4142135623730951,23,1.3707770684749006,0.11738937018985673
2019-07-25,101,87.48317965949965,1.4142135623730951,17,0.9213739192143865,0.09277035999642447
2019-08-01,101,88.74133819586329,1.4142135623730951,28,1.493895454433738,0.1082307539533498
2019-08-08,101,87.6328661754761,1.4142135623730951,16,0.8546219030365245,0.1099428483110334
2019-08-15,101,86.10770416038494,1.4142135623730951,14,0.9173406335095359,0.13386971255004965
2019-08-22,101,85.12881463770034,1.4142135623730951,18,0.8701191613973625,0.13398935824260338
2019-08-29,101,84.51375027973923,1.4142135623730951,14,0.71195667509071,0.05958806015744633
2019-09-06,101,84.20697380985591,1.4142135623730951,9,0.470948047774005,0.04574366586620526
2019-09-13,101,85.6417483423136,1.4142135623730951,9,0.5367858241055615,0.0924336145930057
2019-09-20,101,85.8187785257074,1.4142135623730951,9,0.5537275591897909,0.06553798470788685
2019-09-27,101,82.23167940220333,1.4142135623730951,17,1.2093270640446598,0.3624426079213984
2019-10-04,101,80.63975133971884,1.4142135623730951,16,1.0602959417785027,0.15935373258548957
2019-10-11,101,80.6040067845166,1.4142135623730951,13,0.8809038251139979,0.12055805295370003
2019-10-18,101,80.89238487301833,1.4142135623730951,11,0.5814549689287066,0.08625082038398357
2019-10-25,100,81.1206118635925,1.4142135623730951,13,0.6059794693214964,0.06766693792047973
2019-11-01,101,85.22857877025805,1.4142135623730951,12,0.7652244291572137,0.10956946184176086
2019-11-08,101,89.36046663458,1.4142135623730951,28,1.5055632833566048,0.11187237744159428
2019-11-15,101,90.2513198039295,1.4142135623730951,35,1.8113552057907736,0.11233405497919091
2019-11-22,101,94.03835686241429,1.4142135623730951,30,1.7325933192434788,0.13307473028280237
2019-12-02,101,94.59868590753165,1.4142135623730951,33,1.9197886369508832,0.12352307982949284
2019-12-09,101,94.7785432052779,1.4142135623730951,34,1.8139344680324871,0.08943720337075878
2019-12-16,101,94.67095805246015,1.4142135623730951,29,1.6578838537229106,0.11128221180182929
2019-12-23,101,95.86078619822145,1.4142135623730951,30,1.7318277619496127,0.09036856283696193
2019-12-31,101,97.04187318280076,1.4142135623730951,35,2.006700519202224,0.10995203957126853
2020-01-08,101,98.92580995078326,1.4142135623730951,42,2.2434753369165867,0.12070038226211488
2020-01-15,101,98.29035163186919,1.4142135623730951,40,2.359230827322993,0.13844949028608156
2020-01-23,101,100.64428766525495,1.4142135623730951,43,2.476664900308985,0.1450735247503887
2020-01-30,101,97.86682532457645,1.4142135623730951,41,2.1184299508909215,0.13527833567391068
2020-02-06,101,94.26392519516511,1.4142135623730951,23,1.4972350210251604,0.12216693281573598
2020-02-13,101,93.3638099881143,1.4142135623730951,25,1.5163561077271843,0.11979725579205103
2020-02-21,101,91.95413478387177,1.4142135623730951,21,1.4998479507633722,0.13577820688228392
2020-02-28,101,83.31059674027716,1.4142135623730951,18,0.8487448379283293,0.07902872856788545
2020-03-06,100,75.48521346809682,1.4142135623730951,4,0.2978199373857804,0.06175197414801903
2020-03-13,100,59.95400633887531,1.4142135623730951,7,0.3258940480558831,0.042535761303230446
2020-03-20,101,58.95985161823766,1.4142135623730951,12,0.5725785641312227,0.08278164769503199
2020-03-27,101,59.87362886182222,1.4142135623730951,10,0.60655398065725,0.08019065812861392
2020-04-03,101,60.960016494219744,1.4142135623730951,10,0.4268711764504318,0.048241314450878536
2020-04-13,101,61.40646930263902,1.4142135623730951,7,0.46611931761178116,0.06199868330333541
2020-04-20,101,61.45128022183046,1.4142135623730951,9,0.4801975223075215,0.06279144720482238
2020-04-27,101,61.231340905842686,1.4142135623730951,10,0.5119721385308869,0.0672977649269273
2020-05-04,101,61.27487274674524,1.4142135623730951,12,0.5707031960949328,0.05410653457443465
2020-05-11,101,61.87406689609253,1.4142135623730951,12,0.5812832959268566,0.08409501059194469
2020-05-18,101,62.11325813887059,1.4142135623730951,11,0.520253753591584,0.07547699194717394
2020-05-26,101,62.31158930760534,1.4142135623730951,8,0.47815681247520064,0.06375013043670985
2020-06-02,101,63.28258083265218,1.4142135623730951,10,0.5033174751908874,0.053832859717270476
2020-06-09,101,68.10308084328635,1.4142135623730951,13,0.6678880580010551,0.08055027816577798
2020-06-16,101,71.99658789352837,1.4142135623730951,13,0.5833202742076781,0.057410518221321705
2020-06-23,101,75.5698807939299,1.4142135623730951,18,0.7432479638117432,0.05711735780085736
2020-06-30,101,75.25512018570389,1.4142135623730951,9,0.4212385820154917,0.03973718522123337
2020-07-08,101,78.16321707901122,1.4142135623730951,13,0.5755818204928441,0.07793646761978323
2020-07-15,101,79.60024898038277,1.4142135623730951,12,0.6239647830282571,0.07020573734955882
2020-07-22,101,81.1159174040477,1.4142135623730951,14,0.7402948793259776,0.08545009237785939
2020-07-29,101,82.41316475131721,1.4142135623730951,12,0.6926081088442106,0.07603715808120737
2020-08-05,101,83.30443923750073,1.4142135623730951,19,1.020129587957301,0.08052793074608866
2020-08-12,101,84.26869988246352,1.4142135623730951,18,1.1360047072284745,0.09468170896008299
2020-08-19,101,84.69808112408896,1.4142135623730951,20,1.1809045406920933,0.09037917092158121
2020-08-26,101,84.36853136511175,1.4142135623730951,28,1.321442851312045,0.08634581116370266
2020-09-02,101,84.64238345038345,1.4142135623730951,30,1.5148436605816622,0.11490389291511438
2020-09-10,101,83.59698834859691,1.4142135623730951,29,1.2550713641982898,0.08722291080548383
2020-09-17,101,83.09117024207103,1.4142135623730951,24,1.1411933329079897,0.08513533002213769
2020-09-24,101,83.73786344569554,1.4142135623730951,27,1.2458009871785183,0.08249800379670802
2020-10-01,101,82.90820908573752,1.4142135623730951,21,1.1563341060471215,0.10973534741151392
2020-10-08,101,82.06468250634964,1.4142135623730951,17,0.9992901177202811,0.11094104987073339
2020-10-15,101,82.85116841178908,1.4142135623730951,20,1.1013499973630299,0.09743541242417453
2020-10-22,101,82.34167006030624,1.4142135623730951,16,0.9307234417670119,0.09924864404353562
2020-10-29,101,79.35026722644871,1.4142135623730951,11,0.6334106260616629,0.08687886679008705
2020-11-05,101,78.34387969841366,1.4142135623730951,13,0.620293784963879,0.06862208854351559
2020-11-12,101,77.16121710383243,1.4142135623730951,11,0.5899256970642107,0.05410819151412272
2020-11-19,101,77.08357044693294,1.4142135623730951,8,0.44508393202879293,0.05519925311729301
2020-11-27,101,77.12248857804893,1.4142135623730951,7,0.42452532127939846,0.06698155961357499
2020-12-04,101,81.23970575754973,1.4142135623730951,10,0.4980904631079204,0.05507097892800161
2020-12-11,53,43.42012259905469,1.4142135623730951,36,2.391765679008552,0.15686370117095294
2020-12-18,101,80.38019700890175,1.4142135623730951,14,1.046310156316503,0.1640454159832151
2020-12-28,101,83.03590358169656,1.4142135623730951,21,1.1010894189442184,0.13744172166497592
2021-01-05,101,84.0571246741405,1.4142135623730951,21,1.1006747328773905,0.14367995351962948
2021-01-12,101,83.84643413162779,1.4142135623730951,15,1.0787694811443953,0.12201977963937549
2021-01-20,101,84.03845039588641,1.4142135623730951,21,1.0874518012403782,0.10702321072921928
2021-01-27,101,84.8942479017719,1.4142135623730951,25,1.390425348496577,0.12086463622421273
2021-02-03,101,86.51763077890315,1.4142135623730951,20,1.1396049656573108,0.09731970333367435
2021-02-10,101,90.05963802437243,1.4142135623730951,31,1.8161869438676987,0.10652747755894088
2021-02-18,101,90.9523699877745,1.4142135623730951,29,1.6886749914458252,0.11600335689705521
2021-02-25,101,88.50730948487082,1.4142135623730951,24,1.2092408810624988,0.08720312795798235
2021-03-04,101,85.98387275461731,1.4142135623730951,18,1.2128277666352743,0.1088921029044011
2021-03-11,101,83.23365642333107,1.4142135623730951,25,1.214158444166012,0.09128674070888776
2021-03-18,101,82.15730136219108,1.4142135623730951,22,1.1413480462514722,0.10093886052880119
2021-03-25,101,81.91243577819334,1.4142135623730951,20,1.1053307279703277,0.0939035063805076
2021-04-01,101,81.7883275230274,1.4142135623730951,21,1.0707506283923558,0.09374111797793816
2021-04-09,101,81.50795210940919,1.4142135623730951,21,1.33641425363153,0.0990918309065123
2021-04-16,101,80.44315940862845,1.4142135623730951,22,1.3777036584532687,0.09477101677304622
2021-04-23,101,79.72538921567988,1.4142135623730951,25,1.8425816701881945,0.2016575076127396
2021-04-30,101,80.59336983071867,1.4142135623730951,30,1.9840956515021755,0.17624562514691422
2021-05-07,101,80.20732056638657,1.4142135623730951,22,1.5017638417635482,0.11855634431121131
2021-05-14,101,76.93681802126244,1.4142135623730951,27,1.6014586477464532,0.16190416439889377
2021-05-21,101,77.18127350092006,1.4142135623730951,18,1.1122732219265887,0.1320497214988121
2021-05-28,101,79.46319418912222,1.4142135623730951,19,1.2516264137115378,0.15836484066447765
2021-06-07,101,82.65189318557978,1.4142135623730951,24,1.3196434485623043,0.16278797679470125
2021-06-14,101,83.97453288320669,1.4142135623730951,23,1.2697348446186665,0.09516636519458099
2021-06-21,101,83.27042902224052,1.4142135623730951,23,1.311215250407947,0.10797329905456299
2021-06-28,101,84.88985644204452,1.4142135623730951,25,1.288712042611786,0.11959931146250824
2021-07-06,101,85.21746653216671,1.4142135623730951,28,1.3648854048022607,0.09103120201093495
2021-07-13,101,85.47928467427073,1.4142135623730951,27,1.3201228139450047,0.08761952786444793
2021-07-20,101,85.1411077241765,1.4142135623730951,24,1.383786677167976,0.09860169186622503
2021-07-27,101,83.2447928218573,1.4142135623730951,22,1.2740289768545878,0.08782503584040025
2021-08-03,101,83.99614620627298,1.4142135623730951,24,1.243914522270906,0.0916739891272702
2021-08-10,101,90.10805648728652,1.4142135623730951,32,1.9727157649855407,0.14840082020872858
2021-08-17,101,91.18272422404135,1.4142135623730951,38,2.093832535476174,0.16047999104282806
2021-08-24,101,90.53638207950532,1.4142135623730951,39,2.6703686492411878,0.16446321298700894
2021-08-31,101,91.36480332358998,1.4142135623730951,43,2.7909775020529155,0.17145698868367654
2021-09-08,101,91.17579469557032,1.4142135623730951,38,2.52372497839527,0.17433157834588697
2021-09-15,101,93.41982251558277,1.4142135623730951,46,2.6105427229166622,0.1520066865048293
2021-09-22,101,92.51091893803846,1.4142135623730951,41,2.506308374149316,0.13217503318365076
2021-09-29,101,89.1325822435212,1.4142135623730951,34,2.0492506143108447,0.13703005480034092
2021-10-06,101,88.39869975597283,1.4142135623730951,35,1.9029779364599253,0.1338741820619378
2021-10-13,101,89.35177511992386,1.4142135623730951,38,1.9000422069983245,0.12391513941424226
2021-10-20,101,88.68219743190087,1.4142135623730951,32,1.651069806226943,0.10418273219983687
2021-10-27,101,89.79722442515566,1.4142135623730951,47,2.2762352719057524,0.12462712545856669
2021-11-03,101,82.0666956750156,1.4142135623730951,53,3.0617828274454864,0.19563965233364589
2021-11-10,101,88.10924254270225,1.4142135623730951,54,3.0113236023750494,0.14472888244275717
2021-11-17,101,89.75766336388448,1.4142135623730951,35,2.346912916855568,0.13214790348472116
2021-11-24,101,91.42045186208794,1.4142135623730951,40,1.9752677925153455,0.09579593637606099
2021-12-02,101,85.78397488649547,1.4142135623730951,36,1.795044716861963,0.07702039742010891
2021-12-09,101,84.47009151736036,1.4142135623730951,32,1.6449276860718016,0.10213963435647466
2021-12-16,101,83.79981818538707,1.4142135623730951,28,1.5891638910708905,0.08713787068101952
2021-12-23,101,84.61556768297149,1.4142135623730951,33,1.6986366087473237,0.12088188008456491
2021-12-31,101,84.81475546414748,1.4142135623730951,32,1.8194875440119262,0.11283343353018171
2022-01-07,101,83.7073737790107,1.4142135623730951,35,1.92574074079259,0.1325544701364747
2022-01-14,101,83.97744130220617,1.4142135623730951,34,1.810435979311352,0.12365040258461635
2022-01-24,98,74.87030408998734,1.4142135623730951,33,2.4930758600595793,0.22439414647855382
2022-01-31,101,77.3182873541727,1.4142135623730951,24,1.3342709686956438,0.13319808460466875
2022-02-07,101,77.2197885654121,1.4142135623730951,21,1.2867864656122867,0.1514294760361351
2022-02-14,101,75.83502836843513,1.4142135623730951,22,1.2350952437391522,0.1369284955078054
2022-02-22,101,74.70091666286123,1.4142135623730951,22,1.1973727342023541,0.1180587103471078
2022-03-01,101,76.218561528313,1.4142135623730951,22,1.062556849464979,0.06724261746034021
2022-03-08,101,75.78637583243294,1.4142135623730951,18,1.0243511206634566,0.08404311772326789
2022-03-15,101,74.70514620929012,1.4142135623730951,16,0.9215953676566131,0.10257948855836918
2022-03-22,101,73.73979296405916,1.4142135623730951,13,0.7272704919307671,0.09148881039378798
2022-03-29,101,73.12605668425844,1.4142135623730951,13,0.6686468636494856,0.06648446100165628
2022-04-05,101,73.10444597070668,1.4142135623730951,11,0.5697350131108232,0.08572910886725638
2022-04-12,101,72.66898058518332,1.4142135623730951,17,0.7803728402181032,0.06832831608768453
2022-04-20,101,72.37670890705768,1.4142135623730951,20,0.9139772127965688,0.08468864751498728
2022-04-27,101,72.28308335603498,1.4142135623730951,20,1.072391030120193,0.08488561757405422
2022-05-04,101,69.38636490144698,1.4142135623730951,17,0.9815369065228856,0.07258097856866652
2022-05-11,101,68.37108146759302,1.4142135623730951,16,0.7942791649413216,0.06137040071035016
2022-05-18,101,66.77446592732902,1.4142135623730951,17,0.776116544413042,0.06108819291034151
2022-05-25,101,67.83384576711413,1.4142135623730951,9,0.5363732447286333,0.07142100525692963
2022-06-02,101,67.45107808124524,1.4142135623730951,19,0.8769739614848392,0.07875552605543479
2022-06-09,101,67.43217541909864,1.4142135623730951,19,1.0908759268504928,0.09410007441088597
2022-06-16,101,65.25707938638737,1.4142135623730951,18,0.9101714819236667,0.08087493630749187
2022-06-24,101,64.44772733254243,1.4142135623730951,13,0.7657788159684507,0.1205763896309422
2022-07-01,101,64.14005070190943,1.4142135623730951,17,0.7897084179287639,0.10854817256899663
2022-07-11,101,63.49688692986849,1.4142135623730951,16,0.7883940760790571,0.08790668965074666
2022-07-18,101,63.47135971025325,1.4142135623730951,15,0.7989166791109261,0.09778383416183056
2022-07-25,101,63.07805221265058,1.4142135623730951,13,0.6324681005494662,0.08484007264400728
2022-08-01,101,64.194027384991,1.4142135623730951,13,0.6570846636638611,0.07863698328927415
2022-08-08,101,67.14096397036477,1.4142135623730951,16,0.9919637157808194,0.10130216332693676
2022-08-15,101,68.97997625445872,1.4142135623730951,20,1.0017583988884158,0.0832472270203124
2022-08-22,101,65.99049297851921,1.4142135623730951,18,0.7332628839640409,0.051112066628738906
2022-08-29,100,65.37261456657393,1.4142135623730951,15,0.6550866291121895,0.07603092283391155
2022-09-06,100,65.92999821553099,1.4142135623730951,20,0.8883036973837634,0.07139699644986675
2022-09-13,100,68.1002385692046,1.4142135623730951,18,0.9951919824486954,0.06866265996307885
2022-09-20,101,69.79561339041935,1.4142135623730951,24,1.191302709653603,0.10009444703475578
2022-09-27,101,69.98710290735936,1.4142135623730951,27,1.425144642510314,0.08788551171986347
2022-10-04,101,67.52878443681944,1.4142135623730951,21,1.0178753951218193,0.08001090153168278
2022-10-11,101,66.83183298911388,1.4142135623730951,21,0.9559284741656916,0.07472350895134428
2022-10-18,101,66.15220578155329,1.4142135623730951,19,0.8564108125004017,0.07307753245373916
2022-10-25,101,65.89882286742319,1.4142135623730951,11,0.6795262866314539,0.07288411731614797
2022-11-01,101,66.64942903374383,1.4142135623730951,12,0.7604779284222433,0.0705725708122944
2022-11-08,101,68.63766222555341,1.4142135623730951,16,0.7505148278935748,0.06700060973932953
2022-11-15,101,65.72583500500605,1.4142135623730951,13,0.6822404248725984,0.08423187028517276
2022-11-22,101,67.43329563091092,1.4142135623730951,11,0.6949515556229299,0.08367138193168122
2022-11-30,101,66.95559661067463,1.4142135623730951,14,0.764953497526833,0.0842968744297723
2022-12-07,101,68.3995869326948,1.4142135623730951,19,1.0022221259425734,0.07870500570341699
2022-12-14,101,68.47726205752403,1.4142135623730951,13,0.7753927201091677,0.07558808114894067
2022-12-21,101,64.23137383121427,1.4142135623730951,23,1.898379909544524,0.20334529187728645
2022-12-29,101,68.03608717422051,1.4142135623730951,18,1.073480076026665,0.18039266320332636
2023-01-06,101,68.59356990679665,1.4142135623730951,12,0.9292559148785087,0.13169858570064308
2023-01-13,101,70.56907045291639,1.4142135623730951,11,0.6046368695427401,0.08518339642609263
2023-01-23,101,70.24441382133489,1.4142135623730951,15,0.7560455966596071,0.06719187486516975
2023-01-30,101,70.17572554018794,1.4142135623730951,20,1.0322141151318587,0.07732088377382584
2023-02-06,101,69.6966947787959,1.4142135623730951,13,0.6523089659009104,0.06335935783852031
2023-02-13,101,75.4921969637562,1.4142135623730951,16,0.7695383670043977,0.08909224033595364
2023-02-21,101,74.55983055670177,1.4142135623730951,18,0.8763633561759633,0.0814181297225518
2023-02-28,101,77.10448710996036,1.4142135623730951,28,1.4151961714599248,0.11167430744080009
2023-03-07,101,77.82688245883483,1.4142135623730951,22,1.194907870448705,0.09904900692402274
2023-03-14,101,76.67391064056781,1.4142135623730951,22,1.2294398650493554,0.09792662191207446
2023-03-21,101,78.11076564863583,1.4142135623730951,22,1.2934388176405562,0.11416534342550777
2023-03-28,101,79.13007190746794,1.4142135623730951,26,1.6746549390324552,0.10385660411533959
2023-04-04,101,80.42863610230818,1.4142135623730951,33,1.7918363774635855,0.10629240081853397
2023-04-12,101,79.94222470729218,1.4142135623730951,26,1.586592614716411,0.12457206606330207
2023-04-19,101,81.80758457891669,1.4142135623730951,30,1.8232467124160014,0.1181412122118366
2023-04-26,101,81.16312072974398,1.4142135623730951,36,1.9229994883724546,0.10275419890139537
2023-05-03,101,83.52432633310828,1.4142135623730951,36,2.1163259797461986,0.13926388659081335
2023-05-10,101,84.46508797866811,1.4142135623730951,34,1.9031501160776096,0.1046491425776156
2023-05-17,101,85.49604350253794,1.4142135623730951,36,2.1038386624796184,0.09861482613062178
2023-05-24,101,84.92392683793386,1.4142135623730951,40,2.151254364685535,0.12591380708008282
2023-06-01,101,84.8757923765574,1.4142135623730951,41,2.193582342435819,0.11338313674118905
2023-06-08,101,86.7759134468691,1.4142135623730951,42,2.2099733875808454,0.1444134543253207
2023-06-15,101,87.82602230679313,1.4142135623730951,44,2.5256346354073123,0.13970863529351563
2023-06-23,101,88.96470137065465,1.4142135623730951,45,2.4898563252603796,0.13043142203265945
2023-06-30,101,89.29429104064702,1.4142135623730951,53,2.953202621750993,0.10058962604212485
2023-07-10,101,89.06575680009631,1.4142135623730951,53,2.9709730898726048,0.11634559431751024
2023-07-17,101,89.28858542210429,1.4142135623730951,53,3.1835909277276313,0.1359545313135715
2023-07-24,101,90.2811584894686,1.4142135623730951,59,3.402709150960061,0.13207272129559655
2023-07-31,101,90.71623503143006,1.4142135623730951,46,2.9453475446219004,0.13437192478423254
2023-08-07,101,90.2978380092511,1.4142135623730951,53,3.379389790472426,0.15525835305165714
2023-08-14,101,90.42188394817867,1.4142135623730951,52,3.081339708788356,0.13917021448951772
2023-08-21,101,90.10014818467621,1.4142135623730951,53,3.030476968287843,0.1410588194480682
2023-08-28,101,89.22048971992743,1.4142135623730951,53,2.857650266431433,0.13716873187071077
2023-09-05,101,88.02376469958459,1.4142135623730951,36,2.071594389916725,0.11577426312313577
2023-09-12,101,88.65438461854363,1.4142135623730951,42,2.47002944026576,0.13004125617021944
2023-09-19,101,81.25828792738507,1.4142135623730951,51,3.6203022436786747,0.20225902412371644
2023-09-26,101,85.48397398819483,1.4142135623730951,50,2.9490346234386653,0.13816246551279554
2023-10-03,101,85.55727911046749,1.4142135623730951,50,2.9175100415134576,0.117442382191832
2023-10-10,101,83.5135914866819,1.4142135623730951,35,2.3236956863345153,0.12682129893280036
2023-10-17,101,83.3600533545285,1.4142135623730951,37,2.1677207163993373,0.11744005368028232
2023-10-24,101,81.697255763553,1.4142135623730951,28,1.6735477479091196,0.0903156792674007
2023-10-31,100,82.02870017938817,1.4142135623730951,31,1.6012964202910456,0.10011533384283877
2023-11-07,100,81.47658950229925,1.4142135623730951,29,1.4517666261366333,0.08292822967936919
2023-11-14,100,80.40442915203427,1.4142135623730951,28,1.4421582694240231,0.0990320198459711
2023-11-21,100,81.9589178572384,1.4142135623730951,32,1.6953576327672821,0.09998370766270903
2023-11-29,100,82.07010096059827,1.4142135623730951,30,1.5943329366709362,0.1043895615551289
2023-12-06,100,82.61031045342416,1.4142135623730951,31,1.8272673493183222,0.11666076653396484
2023-12-13,100,82.43733623469684,1.4142135623730951,35,1.7061673127916483,0.09815232076509606
2023-12-20,100,83.55246649767966,1.4142135623730951,30,1.7614648237288253,0.10622867848637285
2023-12-28,100,84.34941416826044,1.4142135623730951,43,2.07055829986043,0.09014440179144556
2024-01-05,101,83.35524965398368,1.4142135623730951,35,1.9867087376428743,0.1229976495867362
2024-01-12,100,83.930042416519,1.4142135623730951,28,1.5359901712768733,0.09727539382170625
2024-01-22,100,85.13272496990052,1.4142135623730951,34,1.5682479003923977,0.11031757641728734
2024-01-29,101,86.35034908004637,1.4142135623730951,37,1.9529090231772492,0.1014845329836217
2024-02-05,101,87.14863297021026,1.4142135623730951,34,1.8058925262080554,0.10634470314622158
2024-02-12,101,89.856197873392,1.4142135623730951,46,2.8290656735276647,0.11808682153957117
2024-02-20,101,88.93506945211571,1.4142135623730951,33,2.1688295339794017,0.10329264107521752
2024-02-27,101,88.6704123109311,1.4142135623730951,46,2.3373388133910424,0.11161511217250752
2024-03-05,101,89.34509742485005,1.4142135623730951,42,2.226751766033174,0.10273951477152043
2024-03-12,101,89.87906711159931,1.4142135623730951,41,2.2302821703571962,0.09618493530687888
2024-03-19,101,90.66729529861004,1.4142135623730951,36,2.054452583117431,0.1380640918325553
2024-03-26,101,90.93940485537506,1.4142135623730951,30,1.8412282056845701,0.12394942860475089
2024-04-03,101,92.9601954992759,1.4142135623730951,35,2.0816695669319323,0.11228363422156917
2024-04-10,101,91.95359103335704,1.4142135623730951,48,2.617263992165575,0.10685070345031766
2024-04-17,101,90.99034607864101,1.4142135623730951,46,2.3283373288921805,0.10957841600032192
2024-04-24,101,90.27103075470258,1.4142135623730951,43,2.321035470639128,0.13271552052926672
2024-05-01,101,90.32450672095707,1.4142135623730951,40,2.5372149428835504,0.12405795092267624
2024-05-08,101,89.78916956884488,1.4142135623730951,40,2.222979169902525,0.11148996388219512
2024-05-15,101,90.21052359166151,1.4142135623730951,42,2.3010693031752343,0.11640695175035587
2024-05-22,101,90.98280618038048,1.4142135623730951,50,2.6752942723110844,0.13032759162086083
2024-05-30,101,90.29007692288347,1.4142135623730951,52,2.890370193613797,0.1755754055492691
2024-06-06,101,89.99253367890793,1.4142135623730951,59,3.2723027000090257,0.1687478867209693
2024-06-13,101,90.19849419491531,1.4142135623730951,53,2.9815004460271224,0.2076013027110446
2024-06-21,101,90.46799201833038,1.4142135623730951,50,3.056863903668317,0.17169657851033948
2024-06-28,101,90.57478342870037,1.4142135623730951,49,2.6141667913804683,0.19623198024370803
2024-07-08,101,92.07565640033233,1.4142135623730951,47,2.8348099573277827,0.19009333935998618
2024-07-15,101,93.85300908679572,1.4142135623730951,50,3.193145768538429,0.14745407213679962
2024-07-22,101,93.2581251395712,1.4142135623730951,60,3.4718469371962404,0.1494884436009507
2024-07-29,101,91.05424300999385,1.4142135623730951,51,3.1788338446168565,0.12012727835785242
2024-08-05,101,87.07065522290856,1.4142135623730951,43,2.6107859164487435,0.15518774840337157
2024-08-12,101,85.79596761639846,1.4142135623730951,39,2.195432347686409,0.12364379889112387
2024-08-19,101,83.86962258847703,1.4142135623730951,34,2.0161235515599762,0.10413541341911459
2024-08-26,101,84.22154030505511,1.4142135623730951,29,1.7485172447657682,0.10835131102218687
2024-09-03,101,83.20618466142325,1.4142135623730951,37,1.9853692732697956,0.09463678649135632
2024-09-10,101,83.06757879330118,1.4142135623730951,30,1.7744381307603492,0.11138306699366396
2024-09-17,101,82.94659751626867,1.4142135623730951,32,1.8534210723887976,0.1289144864738938
2024-09-24,101,82.99470989887865,1.4142135623730951,35,2.019489624247724,0.10765735712413038
2024-10-01,101,83.22730421760251,1.4142135623730951,36,2.109843167454768,0.14083951333247657
2024-10-08,101,82.46932722489991,1.4142135623730951,28,1.5832285991828827,0.10169472426045345
2024-10-15,101,82.43944707000882,1.4142135623730951,20,1.3520511463741576,0.13139793548365386
2024-10-22,101,82.60631893498137,1.4142135623730951,24,1.4389100857736832,0.11789557384286997
2024-10-29,101,87.100276506524,1.4142135623730951,36,1.9199637580079443,0.13412278438909087
2024-11-05,101,88.48211004614177,1.4142135623730951,44,2.4474077377483745,0.16775570996592037
2024-11-12,101,89.85389847782098,1.4142135623730951,38,2.51229951634899,0.1309713044609777
2024-11-19,101,89.19866331934492,1.4142135623730951,40,2.4466000860525634,0.14009248472383407
2024-11-26,101,91.00463243002035,1.4142135623730951,49,2.9009082507780377,0.20916491869632603
2024-12-04,101,91.1012546667117,1.4142135623730951,52,3.095367331438383,0.19556304914725775
2024-12-11,101,91.13279085960029,1.4142135623730951,48,3.2492968425846245,0.15976229013926013
2024-12-18,100,89.18809109171154,1.4142135623730951,48,3.0832862437013944,0.14655429150722954
2024-12-26,101,89.17421482469632,1.4142135623730951,52,3.2343322232674288,0.15804512049290698
2025-01-03,101,88.32942361922773,1.4142135623730951,49,3.1114639168709317,0.14938679341175087
2025-01-13,101,88.59217948257435,1.4142135623730951,41,2.743716355688957,0.1457829298968789
2025-01-21,101,87.84135693502775,1.4142135623730951,35,2.2918313866019733,0.11185631586260303
2025-01-28,101,87.69032393970564,1.4142135623730951,38,2.374052436303173,0.15686726960512565
2025-02-04,100,87.87278740735451,1.4142135623730951,39,2.2545782507199554,0.12185197386849467
2025-02-11,100,90.57628526597459,1.4142135623730951,52,3.230527412960515,0.14289388215774135
2025-02-19,100,92.58484248340241,1.4142135623730951,47,3.064727843446065,0.12227462408460132
2025-02-26,100,91.17938080810151,1.4142135623730951,44,2.6972373324181484,0.1229766454320913
2025-03-05,100,89.70987094651497,1.4142135623730951,45,2.640275444753674,0.1319321879368447
2025-03-12,101,87.7037662361969,1.4142135623730951,33,1.988804919785287,0.11331675826170151
2025-03-19,101,86.84711032049718,1.4142135623730951,40,2.271741970747793,0.1264337688008751
2025-03-26,100,86.2033122454905,1.4142135623730951,36,1.7698699412878554,0.11761953303343653
2025-04-02,100,86.25438856823314,1.4142135623730951,31,1.562965575098918,0.12087732679012331
2025-04-09,100,67.6239130163011,1.4142135623730951,12,0.6184270131999685,0.08827472114976986
2025-04-16,100,66.21622188398614,1.4142135623730951,9,0.47612121465371937,0.07338134255478779
2025-04-24,100,63.624187345102804,1.4142135623730951,11,0.4358554670543512,0.05693335145401801
2025-05-01,101,63.042342933985935,1.4142135623730951,12,0.5742225458683312,0.05779075649321419
2025-05-08,101,63.287833966467865,1.4142135623730951,9,0.5299765202369,0.09170085004210604
2025-05-15,101,60.87799265168302,1.4142135623730951,9,0.5282458018194485,0.10745741802995723
2025-05-22,101,60.27958545694855,1.4142135623730951,8,0.5279092310896503,0.06260576921983563
2025-05-30,101,60.21256733275355,1.4142135623730951,8,0.4493297761541716,0.07445962324904543
2025-06-06,101,59.71653315246598,1.4142135623730951,6,0.40303691056120267,0.055091137176129235
2025-06-13,101,59.77464925894177,1.4142135623730951,8,0.4024709234407878,0.07433328059586297
2025-06-23,101,59.91143812299157,1.4142135623730951,6,0.3502753779782592,0.05665271300784325
2025-06-30,101,59.98512166780577,1.4142135623730951,5,0.311788472564147,0.0912020135759507
2025-07-08,101,77.9142065860556,1.4142135623730951,24,1.4934979982168752,0.11052692902020844
2025-07-15,101,81.92396448842806,1.4142135623730951,34,2.0068500739700403,0.11540967337840957
2025-07-22,101,86.33106230387291,1.4142135623730951,46,2.5286025872368185,0.1352846149934126
2025-07-29,101,86.49952752468396,1.4142135623730951,41,2.31749147426167,0.11803559929643903
2025-08-05,101,87.44919165388383,1.4142135623730951,35,1.9581831914907295,0.1072528104956385
2025-08-12,101,91.92281358346247,1.4142135623730951,56,3.3375033206388434,0.10904413499631693
2025-08-19,101,91.97851271994038,1.4142135623730951,54,3.2574152937639287,0.13526346510781895
2025-08-26,101,92.80241552434414,1.4142135623730951,60,3.6984718679875597,0.16275284855770733
2025-09-03,101,92.51659332135829,1.4142135623730951,55,3.2022494991716206,0.17869377271724018
2025-09-10,101,94.43963007437675,1.4142135623730951,59,3.640585626135134,0.1427268919426894
2025-09-17,101,94.99326652252871,1.4142135623730951,64,3.734533188788146,0.155547798514033
2025-09-24,101,96.92277346913434,1.4142135623730951,64,4.036456214388225,0.14822558691439913
2025-10-01,101,97.8995104125091,1.4142135623730951,73,4.346898199855879,0.14935265451688695
2025-10-08,101,99.04780822214796,1.4142135623730951,70,4.111344637241183,0.14605311374494212
2025-10-15,100,96.71890658980969,1.4142135623730951,68,3.804794693183113,0.12980893913119207
2025-10-22,31,30.801919766877965,1.1910139924766798,42,2.5749515551748816,0.1671627457956073
2025-10-29,100,93.25709529383576,1.1668971565785755,59,3.6933369560909552,0.17369458624213285
